Food_ID,Food_Name,Quantity,Expiry_Date,Provider_ID,Provider_Type,Location,Food_Type,Meal_Type,coords
1,Bread,43,3/17/2025,110,Grocery Store,South Kellyville,Non-Vegetarian,Breakfast,"(-33.7158272, 150.954993)"
2,Soup,22,3/24/2025,791,Grocery Store,West James,Non-Vegetarian,Dinner,"(5.6970517, -0.8552995)"
3,Fruits,46,3/28/2025,478,Catering Service,Lake Regina,Vegan,Breakfast,"(37.2286012, 140.0580751)"
4,Fruits,15,3/16/2025,930,Restaurant,Kellytown,Vegan,Lunch,"(34.2479254, -80.733972)"
12,Pasta,15,3/28/2025,899,Catering Service,North Steven,Vegetarian,Lunch,"(52.1439395, 7.0565037)"
13,Fruits,33,3/22/2025,115,Grocery Store,Floresville,Vegetarian,Snacks,"(29.1335781, -98.1561192)"
16,Dairy,6,3/26/2025,862,Grocery Store,East Tammy,Vegan,Snacks,"(45.4734849, -75.4973627)"
19,Rice,13,3/30/2025,419,Supermarket,Port Peter,Vegan,Breakfast,"(49.4568142, -2.5389979)"
20,Pasta,41,3/17/2025,306,Catering Service,North Keith,Non-Vegetarian,Snacks,"(48.0933353, -98.7526139)"
23,Salad,43,3/26/2025,1,Supermarket,New Jessica,Vegan,Dinner,"(39.8717053, -74.8639971)"
24,Bread,20,3/30/2025,897,Catering Service,Villastad,Non-Vegetarian,Lunch,"(57.199126, 13.4409919)"
27,Salad,12,3/23/2025,262,Supermarket,New Carol,Vegan,Breakfast,"(42.6975023, -82.7436883)"
28,Chicken,5,3/22/2025,606,Grocery Store,North Nathan,Vegan,Dinner,"(-27.5503222, 153.0555976)"
33,Salad,9,3/27/2025,798,Grocery Store,North Amanda,Vegetarian,Breakfast,"(7.6899082, -1.4771864)"
34,Bread,3,3/30/2025,396,Catering Service,Heatherside,Vegan,Breakfast,"(51.3285332, -0.7073984)"
35,Rice,6,3/23/2025,108,Supermarket,East Austin,Vegan,Breakfast,"(30.2745499, -97.7164851)"
36,Rice,35,3/20/2025,1,Supermarket,New Jessica,Vegan,Breakfast,"(39.8717053, -74.8639971)"
39,Bread,48,3/22/2025,758,Catering Service,Port Patrick,Non-Vegetarian,Breakfast,"(-20.1375476, 169.8301294)"
40,Fruits,12,3/27/2025,965,Restaurant,Port Bryce,Vegetarian,Breakfast,"(29.9188705, -93.9501555)"
42,Rice,50,3/16/2025,179,Supermarket,North Michelle,Vegan,Lunch,"(6.1176905, 125.1657848)"
45,Fish,17,3/24/2025,874,Catering Service,Priceland,Non-Vegetarian,Lunch,"(52.4681614, -1.8539396)"
49,Fish,41,3/17/2025,700,Supermarket,Morriston,Non-Vegetarian,Dinner,"(51.6667495, -3.9243273)"
52,Vegetables,23,3/29/2025,460,Grocery Store,Lake Justin,Non-Vegetarian,Snacks,"(41.677029, -81.3552256)"
56,Vegetables,9,3/23/2025,125,Supermarket,Lake April,Non-Vegetarian,Lunch,"(42.2319052, -87.9687897)"
61,Fruits,33,3/22/2025,243,Catering Service,West Catherine,Vegetarian,Lunch,"(43.709626, -88.9885285)"
62,Rice,21,3/21/2025,520,Catering Service,Port Andre,Non-Vegetarian,Breakfast,"(48.6751856, -2.9100734)"
63,Salad,6,3/20/2025,335,Grocery Store,North Gary,Vegetarian,Dinner,"(41.61033, -87.3912712)"
64,Soup,41,3/26/2025,678,Grocery Store,Lake Travis,Non-Vegetarian,Dinner,"(30.4645913, -98.0783472)"
65,Fruits,45,3/26/2025,602,Grocery Store,North Destiny,Non-Vegetarian,Breakfast,"(49.3080184, -122.970085)"
66,Fish,6,3/22/2025,577,Catering Service,Lake Donna,Non-Vegetarian,Breakfast,"(55.1783763, -162.7084169)"
71,Fish,45,3/19/2025,750,Supermarket,Michaelton,Vegetarian,Lunch,"(39.2109408, -76.6641349)"
72,Dairy,11,3/24/2025,293,Catering Service,Joneshaven,Vegan,Dinner,"(35.5672816, -78.7959659)"
73,Soup,48,3/19/2025,485,Restaurant,East Andrea,Vegan,Breakfast,"(34.234781, -118.4663184)"
79,Rice,25,3/19/2025,100,Catering Service,Mooreview,Vegan,Breakfast,"(36.0166108, -115.0779842)"
93,Salad,49,3/20/2025,264,Catering Service,New Richard,Vegetarian,Lunch,"(-34.6000338, -58.5458835)"
94,Rice,35,3/16/2025,722,Restaurant,Linchester,Vegetarian,Lunch,"(38.7029692, -75.8988761)"
95,Pasta,19,3/24/2025,120,Restaurant,New Lisa,Vegan,Snacks,"(35.1017207, -106.2623364)"
97,Rice,44,3/21/2025,346,Grocery Store,Thomasville,Vegetarian,Dinner,"(35.8831786, -80.081817)"
100,Vegetables,22,3/18/2025,647,Restaurant,West Kara,Vegan,Breakfast,"(48.6956033, 21.2377128)"
106,Rice,31,3/19/2025,253,Catering Service,Sharonton,Vegetarian,Breakfast,"(43.5400238, -79.7027246)"
107,Salad,29,3/25/2025,464,Catering Service,Port Jacob,Vegetarian,Breakfast,"(42.9117442, -79.25847)"
110,Salad,49,3/17/2025,354,Catering Service,South Alicia,Vegan,Dinner,"(33.3759116, -111.6227491)"
114,Vegetables,28,3/27/2025,906,Supermarket,West Kevin,Vegan,Breakfast,"(53.2000721, 6.5104656)"
115,Pasta,8,3/26/2025,963,Supermarket,East Bernard,Vegan,Lunch,"(29.5273003, -96.0647348)"
116,Soup,32,3/23/2025,570,Supermarket,Lake Vanessa,Vegetarian,Lunch,"(30.1633743, -93.2194605)"
118,Dairy,42,3/28/2025,863,Restaurant,Port Michael,Vegan,Lunch,"(39.11022, -94.6049271)"
119,Bread,49,3/28/2025,135,Catering Service,East Candace,Non-Vegetarian,Breakfast,"(36.045248, -94.2393356)"
122,Fruits,7,3/20/2025,846,Supermarket,South Thomasville,Vegan,Snacks,"(33.7018563, -84.3695354)"
125,Rice,21,3/17/2025,982,Grocery Store,Westbury,Vegan,Dinner,"(40.7556561, -73.5876273)"
126,Dairy,27,3/18/2025,54,Supermarket,Lake Rachael,Vegan,Lunch,"(42.4889773, -87.8466273)"
129,Chicken,26,3/21/2025,798,Grocery Store,North Amanda,Vegan,Dinner,"(7.6899082, -1.4771864)"
135,Rice,44,3/23/2025,980,Restaurant,Port Melissa,Vegan,Lunch,"(29.9727035, -93.95587)"
137,Pasta,29,3/19/2025,87,Grocery Store,West Adam,Vegetarian,Snacks,"(48.6959723, 21.2373318)"
144,Bread,18,3/18/2025,810,Catering Service,Lake Jason,Vegan,Lunch,"(28.9398977, -81.9411826)"
153,Fish,20,3/21/2025,737,Restaurant,Port Andrea,Vegetarian,Breakfast,"(35.8886005, 14.5155643)"
155,Fruits,20,3/20/2025,602,Grocery Store,North Destiny,Vegan,Dinner,"(49.3080184, -122.970085)"
158,Bread,22,3/30/2025,687,Catering Service,North James,Vegetarian,Breakfast,"(32.912929, -96.1392585)"
161,Vegetables,32,3/20/2025,414,Supermarket,New Matthew,Non-Vegetarian,Breakfast,"(42.7404504, -78.3231718)"
167,Fish,4,3/20/2025,134,Supermarket,West Melissa,Vegetarian,Lunch,"(38.3800852, -82.3345937)"
168,Salad,26,3/20/2025,306,Catering Service,North Keith,Non-Vegetarian,Lunch,"(48.0933353, -98.7526139)"
169,Fruits,18,3/20/2025,336,Supermarket,East Sandra,Vegan,Snacks,"(53.1477297, -2.3484653)"
174,Chicken,23,3/22/2025,903,Catering Service,Lake Kari,Vegan,Breakfast,"(40.474059, 44.1813993)"
177,Dairy,22,3/22/2025,863,Restaurant,Port Michael,Vegan,Breakfast,"(39.11022, -94.6049271)"
182,Soup,29,3/18/2025,247,Catering Service,Port Aaron,Vegan,Breakfast,"(27.2765454, -80.4082954)"
184,Salad,7,3/29/2025,182,Grocery Store,Port Jeffrey,Vegetarian,Dinner,"(43.1466913, 5.7075518)"
185,Soup,19,3/27/2025,498,Grocery Store,East Craig,Non-Vegetarian,Lunch,"(55.7723582, -4.430123)"
186,Pasta,48,3/17/2025,306,Catering Service,North Keith,Vegetarian,Breakfast,"(48.0933353, -98.7526139)"
190,Salad,25,3/22/2025,262,Supermarket,New Carol,Non-Vegetarian,Snacks,"(42.6975023, -82.7436883)"
193,Pasta,25,3/21/2025,354,Catering Service,South Alicia,Vegan,Breakfast,"(33.3759116, -111.6227491)"
196,Fish,27,3/28/2025,989,Grocery Store,North Lauren,Non-Vegetarian,Breakfast,"(35.2640382, -82.969807)"
197,Rice,21,3/24/2025,453,Grocery Store,East Timothy,Vegetarian,Breakfast,"(41.3103383, -72.9236478)"
200,Bread,3,3/24/2025,794,Supermarket,Woodport,Non-Vegetarian,Dinner,"(40.9853758, -74.6104379)"
201,Soup,35,3/29/2025,330,Restaurant,Jamesport,Vegetarian,Dinner,"(40.9526865, -72.5796261)"
203,Pasta,8,3/24/2025,215,Grocery Store,New Curtis,Vegetarian,Breakfast,"(42.2072962, -77.1696957)"
208,Rice,27,3/26/2025,215,Grocery Store,New Curtis,Vegetarian,Dinner,"(42.2072962, -77.1696957)"
218,Fish,38,3/24/2025,159,Grocery Store,North Brooke,Vegan,Snacks,"(40.2073351, -80.5596501)"
221,Bread,11,3/19/2025,211,Restaurant,Lake James,Vegan,Snacks,"(41.7022171, -85.0401636)"
227,Vegetables,25,3/29/2025,923,Supermarket,Jonestown,Non-Vegetarian,Breakfast,"(7.6885627, -59.9498924)"
231,Rice,33,3/29/2025,782,Supermarket,North Mary,Non-Vegetarian,Breakfast,"(42.0092319, -87.8062782)"
232,Soup,19,3/28/2025,610,Supermarket,Allenton,Vegan,Lunch,"(43.4210536, -88.3408655)"
234,Rice,10,3/16/2025,888,Supermarket,West Sharonview,Vegetarian,Dinner,"(34.8445468, -82.4046597)"
236,Soup,50,3/21/2025,231,Supermarket,North Tom,Non-Vegetarian,Lunch,"(7.5943845, -1.7439321)"
237,Salad,39,3/27/2025,643,Supermarket,North Ebony,Vegan,Dinner,"(33.4624137, -111.686078)"
241,Fish,4,3/23/2025,135,Catering Service,East Candace,Vegetarian,Breakfast,"(36.045248, -94.2393356)"
243,Fruits,30,3/24/2025,750,Supermarket,Michaelton,Non-Vegetarian,Snacks,"(39.2109408, -76.6641349)"
246,Salad,50,3/28/2025,768,Restaurant,South Danielle,Non-Vegetarian,Snacks,"(-26.9165007, -48.69061)"
248,Vegetables,32,3/21/2025,960,Supermarket,Port Lance,Non-Vegetarian,Lunch,"(27.2732222, -80.4091955)"
253,Rice,20,3/19/2025,231,Supermarket,North Tom,Vegan,Snacks,"(7.5943845, -1.7439321)"
254,Rice,30,3/24/2025,703,Catering Service,Lake Jamestown,Non-Vegetarian,Lunch,"(42.1933778, -87.9285182)"
255,Dairy,44,3/24/2025,825,Supermarket,South Bryan,Non-Vegetarian,Lunch,"(33.1382085, -100.2321388)"
257,Chicken,41,3/25/2025,344,Catering Service,North Nicholas,Vegan,Snacks,"(38.3126073, -84.0271911)"
265,Fruits,32,3/26/2025,862,Grocery Store,East Tammy,Non-Vegetarian,Breakfast,"(45.4734849, -75.4973627)"
268,Fish,21,3/29/2025,485,Restaurant,East Andrea,Non-Vegetarian,Breakfast,"(34.234781, -118.4663184)"
269,Soup,36,3/28/2025,595,Grocery Store,Port Matthew,Non-Vegetarian,Snacks,"(52.4841221, -1.9113631)"
271,Rice,22,3/17/2025,254,Restaurant,Reidland,Vegan,Breakfast,"(37.0175574, -88.5314345)"
274,Salad,37,3/29/2025,768,Restaurant,South Danielle,Vegan,Snacks,"(-26.9165007, -48.69061)"
276,Fruits,47,3/29/2025,839,Grocery Store,Port Erin,Vegan,Breakfast,"(54.086017, -4.7568003)"
279,Chicken,3,3/25/2025,326,Supermarket,Lake Alicia,Non-Vegetarian,Lunch,"(28.7222681, -81.8673844)"
280,Pasta,44,3/27/2025,393,Restaurant,Heatherview,Vegan,Dinner,"(39.5084344, -77.4360968)"
281,Rice,28,3/23/2025,356,Supermarket,West Michael,Non-Vegetarian,Breakfast,"(52.3916843, 4.8619939)"
285,Rice,44,3/19/2025,353,Grocery Store,North Aaron,Vegetarian,Breakfast,"(33.437021, -111.6255295)"
286,Pasta,37,3/26/2025,43,Supermarket,South Karen,Vegetarian,Snacks,"(-1.32253, 36.70915)"
288,Bread,48,3/22/2025,703,Catering Service,Lake Jamestown,Vegetarian,Breakfast,"(42.1933778, -87.9285182)"
292,Chicken,16,3/17/2025,906,Supermarket,West Kevin,Non-Vegetarian,Breakfast,"(53.2000721, 6.5104656)"
293,Rice,32,3/27/2025,276,Supermarket,Port Eric,Non-Vegetarian,Dinner,"(10.6487507, -61.5123717)"
295,Soup,39,3/17/2025,344,Catering Service,North Nicholas,Non-Vegetarian,Dinner,"(38.3126073, -84.0271911)"
298,Chicken,2,3/22/2025,883,Supermarket,New Jacob,Vegetarian,Lunch,"(46.0068697, -66.6371455)"
299,Dairy,14,3/21/2025,718,Restaurant,Port Victoria,Non-Vegetarian,Lunch,"(-4.6232085, 55.452359)"
308,Soup,11,3/29/2025,973,Supermarket,New Larry,Vegan,Snacks,"(44.524213, -73.6943071)"
315,Salad,47,3/18/2025,761,Catering Service,New Zachary,Vegetarian,Dinner,"(30.6416011, -91.1569474)"
316,Salad,4,3/28/2025,494,Supermarket,New Denise,Vegetarian,Dinner,"(45.916764, -1.3253229)"
318,Pasta,48,3/25/2025,946,Catering Service,Roystad,Vegan,Lunch,"(60.8696474, 11.1929755)"
321,Pasta,20,3/18/2025,572,Supermarket,Lake Cathy,Non-Vegetarian,Lunch,"(28.520181, -81.4761975)"
324,Soup,39,3/24/2025,346,Grocery Store,Thomasville,Vegetarian,Snacks,"(35.8831786, -80.081817)"
325,Chicken,32,3/25/2025,365,Restaurant,West Robert,Vegan,Dinner,"(18.7880711, -72.4940048)"
328,Chicken,36,3/19/2025,876,Grocery Store,Brookeland,Vegetarian,Snacks,"(31.1526918, -93.9935221)"
329,Rice,42,3/17/2025,716,Catering Service,North Ryan,Vegetarian,Dinner,"(33.6342169, -111.926644)"
331,Fish,8,3/22/2025,480,Catering Service,East Kevin,Vegan,Breakfast,"(40.7911629, -73.9394101)"
333,Salad,41,3/20/2025,139,Supermarket,Port Connie,Non-Vegetarian,Breakfast,"(27.0676294, -82.0974756)"
338,Chicken,7,3/19/2025,735,Restaurant,Westmouth,Non-Vegetarian,Lunch,"(34.7040516, -76.554647)"
343,Bread,40,3/27/2025,563,Grocery Store,East Angela,Vegan,Snacks,"(51.5423838, 0.027966)"
344,Vegetables,44,3/23/2025,678,Grocery Store,Lake Travis,Vegan,Snacks,"(30.4645913, -98.0783472)"
345,Pasta,14,3/20/2025,346,Grocery Store,Thomasville,Vegan,Lunch,"(35.8831786, -80.081817)"
346,Chicken,16,3/28/2025,2,Grocery Store,East Sheena,Vegan,Snacks,"(10.6851592, 122.5365417)"
351,Bread,45,3/25/2025,678,Grocery Store,Lake Travis,Non-Vegetarian,Snacks,"(30.4645913, -98.0783472)"
358,Fruits,41,3/21/2025,810,Catering Service,Lake Jason,Vegetarian,Breakfast,"(28.9398977, -81.9411826)"
359,Bread,6,3/23/2025,811,Grocery Store,East Emily,Non-Vegetarian,Lunch,"(49.2675802, -123.0921846)"
363,Bread,24,3/23/2025,770,Supermarket,East Melissa,Non-Vegetarian,Breakfast,"(1.3176717, 103.8931013)"
367,Vegetables,38,3/29/2025,610,Supermarket,Allenton,Non-Vegetarian,Snacks,"(43.4210536, -88.3408655)"
370,Fruits,35,3/16/2025,783,Restaurant,Port Melanie,Vegan,Lunch,"(-31.4450226, 152.9179529)"
371,Bread,34,3/21/2025,154,Supermarket,New John,Non-Vegetarian,Lunch,"(42.7404607, -78.3235486)"
374,Chicken,44,3/21/2025,709,Restaurant,South Kathryn,Vegan,Lunch,"(42.2813334, -82.9101686)"
377,Pasta,22,3/25/2025,737,Restaurant,Port Andrea,Non-Vegetarian,Breakfast,"(35.8886005, 14.5155643)"
381,Pasta,35,3/18/2025,86,Catering Service,New Michelle,Vegan,Dinner,"(29.9586565, -90.0606366)"
383,Vegetables,48,3/19/2025,783,Restaurant,Port Melanie,Vegan,Lunch,"(-31.4450226, 152.9179529)"
385,Pasta,7,3/25/2025,885,Restaurant,Lake Stephen,Non-Vegetarian,Dinner,"(31.2853474, -92.5005056)"
390,Soup,19,3/27/2025,264,Catering Service,New Richard,Non-Vegetarian,Lunch,"(-34.6000338, -58.5458835)"
394,Fruits,30,3/21/2025,485,Restaurant,East Andrea,Vegetarian,Dinner,"(34.234781, -118.4663184)"
400,Rice,42,3/29/2025,897,Catering Service,Villastad,Vegan,Lunch,"(57.199126, 13.4409919)"
402,Fish,11,3/29/2025,429,Grocery Store,Lake Benjamin,Non-Vegetarian,Lunch,"(41.864365, -71.9511323)"
407,Chicken,32,3/20/2025,912,Catering Service,Blaketown,Vegetarian,Lunch,"(-42.4485054, 171.1922497)"
410,Salad,21,3/19/2025,273,Supermarket,New Carol,Non-Vegetarian,Snacks,"(42.6975023, -82.7436883)"
411,Soup,39,3/30/2025,419,Supermarket,Port Peter,Non-Vegetarian,Breakfast,"(49.4568142, -2.5389979)"
414,Vegetables,7,3/21/2025,353,Grocery Store,North Aaron,Non-Vegetarian,Snacks,"(33.437021, -111.6255295)"
416,Soup,49,3/26/2025,888,Supermarket,West Sharonview,Vegan,Dinner,"(34.8445468, -82.4046597)"
421,Dairy,24,3/17/2025,676,Catering Service,Lake Jasmin,Vegetarian,Dinner,"(47.6721866, 9.4845768)"
423,Fish,6,3/30/2025,926,Grocery Store,North Chase,Vegan,Breakfast,"(37.4196615, -77.6687938)"
426,Bread,6,3/22/2025,461,Restaurant,New Hannah,Vegetarian,Dinner,"(40.6348081, -74.0746734)"
427,Soup,34,3/18/2025,338,Catering Service,Adambury,Non-Vegetarian,Lunch,"(30.1024632, -95.4239034)"
430,Dairy,33,3/28/2025,853,Catering Service,East Michelle,Vegan,Snacks,"(6.1176905, 125.1657848)"
431,Pasta,21,3/20/2025,144,Catering Service,Bellport,Non-Vegetarian,Lunch,"(40.757252, -72.9394713)"
432,Dairy,34,3/17/2025,979,Restaurant,West Hunter,Non-Vegetarian,Breakfast,"(40.6938348, -112.0624409)"
434,Vegetables,20,3/23/2025,460,Grocery Store,Lake Justin,Non-Vegetarian,Snacks,"(41.677029, -81.3552256)"
437,Chicken,29,3/16/2025,345,Catering Service,North Tracy,Non-Vegetarian,Dinner,"(25.9168388, -80.1470608)"
439,Fruits,41,3/16/2025,986,Supermarket,Port David,Vegan,Dinner,"(47.8054009, 1.7085002)"
443,Chicken,34,3/22/2025,671,Grocery Store,North Catherine,Non-Vegetarian,Lunch,"(51.0349922, 7.0512623)"
444,Dairy,27,3/27/2025,117,Restaurant,Amberton,Non-Vegetarian,Lunch,"(47.562129, -122.1200653)"
447,Soup,21,3/26/2025,736,Supermarket,East Anthony,Vegetarian,Lunch,"(48.691343, 6.1837535)"
454,Pasta,4,3/22/2025,189,Supermarket,Brianside,Vegetarian,Lunch,"(53.8115389, -1.4609156)"
455,Pasta,17,3/27/2025,630,Catering Service,West Matthew,Vegan,Dinner,"(51.447631, -2.5994305)"
456,Vegetables,16,3/19/2025,144,Catering Service,Bellport,Vegetarian,Snacks,"(40.757252, -72.9394713)"
459,Rice,2,3/22/2025,213,Grocery Store,Andersonville,Vegetarian,Snacks,"(32.1959947, -84.1399085)"
466,Rice,6,3/30/2025,729,Grocery Store,Lake Nathan,Vegetarian,Dinner,"(42.2957792, -87.9886276)"
467,Dairy,7,3/28/2025,337,Restaurant,New Ricky,Non-Vegetarian,Dinner,"(42.7261438, -77.6743917)"
471,Pasta,15,3/30/2025,637,Grocery Store,East Williamshire,Vegetarian,Lunch,"(39.9133422, -86.1756852)"
474,Rice,5,3/22/2025,215,Grocery Store,New Curtis,Vegetarian,Dinner,"(42.2072962, -77.1696957)"
476,Fruits,2,3/28/2025,993,Restaurant,East Stephanie,Non-Vegetarian,Dinner,"(53.3361257, -1.9480654)"
477,Dairy,40,3/18/2025,262,Supermarket,New Carol,Vegan,Breakfast,"(42.6975023, -82.7436883)"
479,Salad,2,3/18/2025,786,Restaurant,Basstown,Vegetarian,Breakfast,"(35.0871112, -78.35639)"
480,Pasta,25,3/24/2025,517,Grocery Store,Wadeville,Non-Vegetarian,Lunch,"(39.1506329, -81.6356828)"
481,Dairy,16,3/19/2025,705,Grocery Store,East Robert,Vegan,Dinner,"(51.8011319, -8.1846986)"
482,Salad,32,3/27/2025,912,Catering Service,Blaketown,Non-Vegetarian,Dinner,"(-42.4485054, 171.1922497)"
489,Fish,39,3/25/2025,705,Grocery Store,East Robert,Vegetarian,Dinner,"(51.8011319, -8.1846986)"
490,Salad,3,3/24/2025,563,Grocery Store,East Angela,Non-Vegetarian,Snacks,"(51.5423838, 0.027966)"
491,Fruits,23,3/25/2025,139,Supermarket,Port Connie,Vegan,Lunch,"(27.0676294, -82.0974756)"
493,Fish,26,3/30/2025,102,Grocery Store,West Samantha,Vegetarian,Snacks,"(-26.0666551, 28.0122651)"
494,Bread,41,3/24/2025,129,Restaurant,Port Emily,Vegetarian,Breakfast,"(52.4848812, -1.9345094)"
495,Pasta,34,3/22/2025,494,Supermarket,New Denise,Vegetarian,Dinner,"(45.916764, -1.3253229)"
497,Dairy,48,3/27/2025,709,Restaurant,South Kathryn,Vegetarian,Dinner,"(42.2813334, -82.9101686)"
498,Rice,28,3/16/2025,507,Grocery Store,Lake Diane,Non-Vegetarian,Snacks,"(41.7182904, -84.6441773)"
499,Salad,6,3/23/2025,154,Supermarket,New John,Non-Vegetarian,Snacks,"(42.7404607, -78.3235486)"
500,Pasta,14,3/30/2025,230,Grocery Store,North Melanie,Vegan,Dinner,"(35.7778318, -78.5423183)"
501,Chicken,27,3/24/2025,11,Supermarket,South Robert,Vegetarian,Lunch,"(18.3545614, -73.755967)"
505,Pasta,12,3/22/2025,494,Supermarket,New Denise,Vegetarian,Snacks,"(45.916764, -1.3253229)"
506,Fruits,37,3/29/2025,793,Grocery Store,West Brandon,Non-Vegetarian,Snacks,"(38.9381565, -92.3401292)"
508,Dairy,42,3/18/2025,176,Restaurant,East John,Vegan,Lunch,"(6.2364146, -57.3290261)"
509,Dairy,18,3/17/2025,980,Restaurant,Port Melissa,Non-Vegetarian,Snacks,"(29.9727035, -93.95587)"
511,Salad,25,3/27/2025,879,Supermarket,Lake Michael,Vegan,Snacks,"(42.5244956, -83.4359107)"
516,Fish,24,3/23/2025,846,Supermarket,South Thomasville,Non-Vegetarian,Breakfast,"(33.7018563, -84.3695354)"
522,Rice,7,3/22/2025,783,Restaurant,Port Melanie,Vegetarian,Lunch,"(-31.4450226, 152.9179529)"
526,Rice,11,3/30/2025,883,Supermarket,New Jacob,Vegetarian,Lunch,"(46.0068697, -66.6371455)"
531,Salad,42,3/17/2025,57,Grocery Store,Port Robin,Vegan,Lunch,"(18.5639033, -72.3146324)"
533,Fruits,25,3/17/2025,273,Supermarket,New Carol,Vegetarian,Breakfast,"(42.6975023, -82.7436883)"
534,Vegetables,34,3/30/2025,223,Restaurant,Longland,Non-Vegetarian,Dinner,"(54.9878702, -7.1996808)"
535,Fish,24,3/29/2025,668,Grocery Store,Salinasville,Vegan,Snacks,"(14.4354562, 120.9384864)"
537,Salad,9,3/17/2025,949,Supermarket,Lake Deborah,Vegetarian,Breakfast,"(-30.4590739, 119.4990243)"
541,Vegetables,12,3/29/2025,549,Catering Service,East Deborah,Vegan,Dinner,"(50.7935657, -0.0148108)"
542,Bread,7,3/26/2025,926,Grocery Store,North Chase,Vegetarian,Lunch,"(37.4196615, -77.6687938)"
547,Chicken,26,3/23/2025,825,Supermarket,South Bryan,Vegan,Snacks,"(33.1382085, -100.2321388)"
548,Fish,26,3/19/2025,714,Catering Service,North William,Vegan,Snacks,"(35.8199184, -81.1879054)"
551,Chicken,4,3/26/2025,245,Restaurant,Lake Heather,Vegan,Lunch,"(-35.0510817, 173.1935728)"
553,Salad,36,3/24/2025,93,Supermarket,New Daniel,Vegan,Breakfast,"(40.7667776, -73.9675711)"
562,Dairy,3,3/30/2025,906,Supermarket,West Kevin,Vegan,Dinner,"(53.2000721, 6.5104656)"
564,Fish,29,3/28/2025,518,Grocery Store,Anneville,Non-Vegetarian,Lunch,"(51.5438848, 4.822062)"
567,Bread,3,3/28/2025,234,Catering Service,New Joel,Vegetarian,Breakfast,"(41.3420393, -74.1679241)"
568,Fruits,11,3/29/2025,709,Restaurant,South Kathryn,Non-Vegetarian,Breakfast,"(42.2813334, -82.9101686)"
569,Fish,20,3/25/2025,68,Supermarket,North Elizabeth,Vegan,Lunch,"(40.6802119, -74.2062038)"
570,Vegetables,8,3/16/2025,659,Restaurant,East Lori,Non-Vegetarian,Breakfast,"(-2.0786208, 116.4004178)"
576,Salad,35,3/24/2025,786,Restaurant,Basstown,Non-Vegetarian,Lunch,"(35.0871112, -78.35639)"
578,Salad,27,3/29/2025,285,Restaurant,West Corey,Vegan,Snacks,"(42.2961246, -71.1670342)"
579,Dairy,44,3/24/2025,885,Restaurant,Lake Stephen,Vegetarian,Breakfast,"(31.2853474, -92.5005056)"
586,Vegetables,37,3/18/2025,54,Supermarket,Lake Rachael,Vegetarian,Breakfast,"(42.4889773, -87.8466273)"
587,Fruits,22,3/21/2025,192,Catering Service,Leslieville,Non-Vegetarian,Dinner,"(43.6627, -79.3328148)"
588,Dairy,31,3/27/2025,709,Restaurant,South Kathryn,Non-Vegetarian,Breakfast,"(42.2813334, -82.9101686)"
589,Rice,49,3/20/2025,20,Catering Service,East Samantha,Vegetarian,Dinner,"(52.9416425, -1.4264603)"
591,Fruits,19,3/28/2025,154,Supermarket,New John,Vegetarian,Breakfast,"(42.7404607, -78.3235486)"
596,Fish,44,3/29/2025,158,Catering Service,North Crystal,Non-Vegetarian,Lunch,"(48.5969371, -97.6695334)"
597,Dairy,12,3/20/2025,563,Grocery Store,East Angela,Vegetarian,Lunch,"(51.5423838, 0.027966)"
604,Pasta,47,3/27/2025,578,Catering Service,Port Carrie,Vegan,Breakfast,"(44.0552325, -82.9056251)"
605,Vegetables,20,3/23/2025,429,Grocery Store,Lake Benjamin,Vegetarian,Dinner,"(41.864365, -71.9511323)"
608,Vegetables,27,3/28/2025,17,Catering Service,West Dawn,Non-Vegetarian,Dinner,"(-33.8555955, 18.5184991)"
609,Bread,38,3/23/2025,541,Catering Service,West Karen,Vegetarian,Breakfast,"(18.5645396, -72.1698411)"
611,Vegetables,40,3/30/2025,993,Restaurant,East Stephanie,Vegetarian,Snacks,"(53.3361257, -1.9480654)"
612,Vegetables,45,3/17/2025,874,Catering Service,Priceland,Non-Vegetarian,Lunch,"(52.4681614, -1.8539396)"
615,Salad,11,3/23/2025,104,Catering Service,Lake Theresa,Vegetarian,Breakfast,"(28.560605, -81.3391667)"
616,Fish,35,3/20/2025,735,Restaurant,Westmouth,Non-Vegetarian,Dinner,"(34.7040516, -76.554647)"
617,Soup,27,3/18/2025,507,Grocery Store,Lake Diane,Vegetarian,Lunch,"(41.7182904, -84.6441773)"
621,Soup,23,3/21/2025,979,Restaurant,West Hunter,Non-Vegetarian,Lunch,"(40.6938348, -112.0624409)"
623,Salad,38,3/29/2025,37,Catering Service,New Amanda,Vegetarian,Breakfast,"(25.1714886, 121.4385003)"
628,Fish,5,3/16/2025,758,Catering Service,Port Patrick,Non-Vegetarian,Snacks,"(-20.1375476, 169.8301294)"
630,Bread,39,3/25/2025,478,Catering Service,Lake Regina,Vegan,Snacks,"(37.2286012, 140.0580751)"
633,Salad,19,3/28/2025,922,Restaurant,Lake Michael,Vegan,Snacks,"(42.5244956, -83.4359107)"
634,Bread,40,3/16/2025,205,Grocery Store,Carlbury,Non-Vegetarian,Breakfast,"(54.5381657, -1.6739109)"
636,Fish,11,3/25/2025,687,Catering Service,North James,Non-Vegetarian,Lunch,"(32.912929, -96.1392585)"
642,Chicken,38,3/29/2025,365,Restaurant,West Robert,Non-Vegetarian,Dinner,"(18.7880711, -72.4940048)"
645,Soup,34,3/21/2025,643,Supermarket,North Ebony,Vegetarian,Breakfast,"(33.4624137, -111.686078)"
661,Bread,12,3/25/2025,906,Supermarket,West Kevin,Vegan,Dinner,"(53.2000721, 6.5104656)"
662,Soup,47,3/30/2025,498,Grocery Store,East Craig,Vegan,Snacks,"(55.7723582, -4.430123)"
667,Soup,30,3/21/2025,961,Restaurant,New Amanda,Vegetarian,Lunch,"(25.1714886, 121.4385003)"
671,Salad,49,3/24/2025,498,Grocery Store,East Craig,Vegetarian,Breakfast,"(55.7723582, -4.430123)"
672,Bread,2,3/24/2025,555,Grocery Store,South Brenda,Vegetarian,Snacks,"(34.8530813, -89.7479971)"
674,Vegetables,34,3/17/2025,518,Grocery Store,Anneville,Vegetarian,Lunch,"(51.5438848, 4.822062)"
675,Soup,25,3/26/2025,117,Restaurant,Amberton,Vegan,Dinner,"(47.562129, -122.1200653)"
676,Soup,15,3/23/2025,577,Catering Service,Lake Donna,Non-Vegetarian,Dinner,"(55.1783763, -162.7084169)"
678,Pasta,8,3/24/2025,177,Supermarket,South Nicholasville,Vegetarian,Snacks,"(37.8573466, -84.5823257)"
682,Pasta,30,3/25/2025,87,Grocery Store,West Adam,Vegetarian,Snacks,"(48.6959723, 21.2373318)"
687,Pasta,5,3/29/2025,326,Supermarket,Lake Alicia,Vegan,Lunch,"(28.7222681, -81.8673844)"
688,Salad,6,3/22/2025,536,Restaurant,South Donald,Vegan,Snacks,"(45.2313534, -90.8953162)"
689,Pasta,34,3/21/2025,350,Restaurant,Port Dustin,Vegetarian,Breakfast,"(27.2214512, -80.3586697)"
693,Chicken,6,3/24/2025,563,Grocery Store,East Angela,Vegetarian,Dinner,"(51.5423838, 0.027966)"
695,Fruits,17,3/23/2025,176,Restaurant,East John,Vegetarian,Breakfast,"(6.2364146, -57.3290261)"
697,Chicken,42,3/21/2025,817,Restaurant,Walterton,Vegan,Breakfast,"(52.8491597, 1.2021271)"
698,Rice,16,3/22/2025,872,Supermarket,Ramosville,Non-Vegetarian,Lunch,"(26.1284093, -98.0052817)"
699,Salad,32,3/16/2025,777,Catering Service,Wilsonview,Non-Vegetarian,Dinner,"(43.5224205, -80.238402)"
701,Salad,33,3/19/2025,192,Catering Service,Leslieville,Vegetarian,Lunch,"(43.6627, -79.3328148)"
704,Chicken,43,3/27/2025,518,Grocery Store,Anneville,Non-Vegetarian,Lunch,"(51.5438848, 4.822062)"
707,Soup,29,3/22/2025,625,Grocery Store,East Lisa,Vegetarian,Dinner,"(34.2367636, -118.4581872)"
713,Fish,7,3/26/2025,108,Supermarket,East Austin,Vegan,Snacks,"(30.2745499, -97.7164851)"
717,Salad,40,3/16/2025,108,Supermarket,East Austin,Non-Vegetarian,Breakfast,"(30.2745499, -97.7164851)"
718,Vegetables,45,3/28/2025,801,Catering Service,North Joseph,Non-Vegetarian,Dinner,"(38.8047764, -87.4584562)"
719,Pasta,44,3/20/2025,701,Restaurant,Browntown,Vegan,Snacks,"(42.5774294, -89.7942565)"
722,Soup,43,3/26/2025,306,Catering Service,North Keith,Vegetarian,Dinner,"(48.0933353, -98.7526139)"
723,Pasta,2,3/25/2025,762,Restaurant,West Lucasville,Vegetarian,Breakfast,"(38.8767438, -83.0042476)"
725,Soup,47,3/30/2025,846,Supermarket,South Thomasville,Vegetarian,Breakfast,"(33.7018563, -84.3695354)"
726,Soup,27,3/22/2025,719,Restaurant,East Cynthia,Vegetarian,Breakfast,"(51.0915402, 3.9647083)"
727,Chicken,3,3/18/2025,285,Restaurant,West Corey,Vegetarian,Lunch,"(42.2961246, -71.1670342)"
728,Dairy,28,3/28/2025,265,Catering Service,New Douglas,Vegetarian,Dinner,"(38.9700463, -89.6664793)"
729,Rice,42,3/30/2025,253,Catering Service,Sharonton,Vegan,Lunch,"(43.5400238, -79.7027246)"
731,Fruits,42,3/30/2025,324,Grocery Store,East Elizabeth,Vegetarian,Snacks,"(40.2750699, -79.8908818)"
732,Soup,29,3/18/2025,734,Catering Service,Port Anita,Vegan,Dinner,"(39.8409966, 3.1372986)"
733,Pasta,31,3/26/2025,736,Supermarket,East Anthony,Vegetarian,Snacks,"(48.691343, 6.1837535)"
734,Vegetables,5,3/27/2025,125,Supermarket,Lake April,Non-Vegetarian,Lunch,"(42.2319052, -87.9687897)"
737,Fish,3,3/16/2025,930,Restaurant,Kellytown,Non-Vegetarian,Snacks,"(34.2479254, -80.733972)"
738,Fruits,5,3/24/2025,793,Grocery Store,West Brandon,Vegan,Snacks,"(38.9381565, -92.3401292)"
742,Dairy,3,3/30/2025,483,Catering Service,Millerview,Vegetarian,Breakfast,"(29.8584534, -95.4063871)"
744,Fish,13,3/17/2025,456,Grocery Store,North Katelyn,Non-Vegetarian,Snacks,"(35.3518593, -80.7767359)"
745,Fruits,34,3/18/2025,961,Restaurant,New Amanda,Vegan,Breakfast,"(25.1714886, 121.4385003)"
746,Bread,31,3/30/2025,293,Catering Service,Joneshaven,Non-Vegetarian,Lunch,"(35.5672816, -78.7959659)"
752,Soup,12,3/17/2025,460,Grocery Store,Lake Justin,Vegan,Breakfast,"(41.677029, -81.3552256)"
753,Fruits,19,3/24/2025,182,Grocery Store,Port Jeffrey,Vegetarian,Breakfast,"(43.1466913, 5.7075518)"
754,Dairy,37,3/30/2025,986,Supermarket,Port David,Non-Vegetarian,Dinner,"(47.8054009, 1.7085002)"
758,Rice,4,3/26/2025,989,Grocery Store,North Lauren,Non-Vegetarian,Dinner,"(35.2640382, -82.969807)"
763,Fish,33,3/17/2025,846,Supermarket,South Thomasville,Vegan,Snacks,"(33.7018563, -84.3695354)"
769,Chicken,27,3/25/2025,483,Catering Service,Millerview,Vegetarian,Lunch,"(29.8584534, -95.4063871)"
770,Dairy,30,3/30/2025,770,Supermarket,East Melissa,Non-Vegetarian,Lunch,"(1.3176717, 103.8931013)"
777,Fruits,5,3/18/2025,709,Restaurant,South Kathryn,Vegetarian,Dinner,"(42.2813334, -82.9101686)"
778,Dairy,7,3/21/2025,57,Grocery Store,Port Robin,Non-Vegetarian,Snacks,"(18.5639033, -72.3146324)"
782,Rice,49,3/28/2025,566,Catering Service,New Rachel,Non-Vegetarian,Snacks,"(40.7495829, -73.8227785)"
784,Bread,1,3/26/2025,335,Grocery Store,North Gary,Non-Vegetarian,Dinner,"(41.61033, -87.3912712)"
785,Bread,10,3/16/2025,678,Grocery Store,Lake Travis,Non-Vegetarian,Lunch,"(30.4645913, -98.0783472)"
787,Fish,48,3/24/2025,355,Restaurant,Port Patrick,Vegetarian,Dinner,"(-20.1375476, 169.8301294)"
796,Pasta,8,3/27/2025,798,Grocery Store,North Amanda,Vegetarian,Lunch,"(7.6899082, -1.4771864)"
798,Fish,3,3/30/2025,413,Catering Service,North Mike,Vegetarian,Lunch,"(47.8485536, 21.4378469)"
803,Chicken,13,3/27/2025,714,Catering Service,North William,Vegan,Snacks,"(35.8199184, -81.1879054)"
807,Salad,35,3/19/2025,474,Catering Service,South Nicole,Vegetarian,Dinner,"(3.9536859, 9.2613109)"
810,Bread,34,3/16/2025,993,Restaurant,East Stephanie,Vegan,Snacks,"(53.3361257, -1.9480654)"
811,Salad,19,3/27/2025,513,Catering Service,West Larry,Non-Vegetarian,Dinner,"(52.3669596, 4.8715961)"
813,Fish,33,3/23/2025,610,Supermarket,Allenton,Vegetarian,Breakfast,"(43.4210536, -88.3408655)"
816,Fruits,2,3/17/2025,965,Restaurant,Port Bryce,Vegetarian,Lunch,"(29.9188705, -93.9501555)"
820,Fruits,46,3/27/2025,753,Supermarket,South Randy,Non-Vegetarian,Lunch,"(41.2391253, -73.0488778)"
823,Chicken,27,3/21/2025,587,Restaurant,Lake George,Vegan,Lunch,"(43.425996, -73.712425)"
824,Bread,12,3/27/2025,993,Restaurant,East Stephanie,Vegetarian,Dinner,"(53.3361257, -1.9480654)"
829,Dairy,44,3/18/2025,262,Supermarket,New Carol,Vegan,Dinner,"(42.6975023, -82.7436883)"
831,Pasta,24,3/22/2025,330,Restaurant,Jamesport,Non-Vegetarian,Breakfast,"(40.9526865, -72.5796261)"
838,Bread,38,3/29/2025,770,Supermarket,East Melissa,Vegetarian,Lunch,"(1.3176717, 103.8931013)"
842,Bread,40,3/21/2025,205,Grocery Store,Carlbury,Vegan,Breakfast,"(54.5381657, -1.6739109)"
844,Fish,46,3/29/2025,495,Supermarket,Brownshire,Non-Vegetarian,Dinner,"(36.7585816, -76.0256237)"
845,Bread,14,3/20/2025,718,Restaurant,Port Victoria,Non-Vegetarian,Dinner,"(-4.6232085, 55.452359)"
846,Salad,34,3/19/2025,894,Restaurant,Cannonside,Vegan,Snacks,"(38.2406946, -85.6632025)"
849,Pasta,29,3/21/2025,563,Grocery Store,East Angela,Vegan,Breakfast,"(51.5423838, 0.027966)"
850,Dairy,22,3/26/2025,67,Restaurant,Kentland,Vegan,Breakfast,"(40.7702991, -87.4453445)"
853,Rice,18,3/27/2025,841,Restaurant,Lake Tamara,Vegan,Snacks,"(42.3660797, -87.8475971)"
854,Fish,33,3/22/2025,804,Restaurant,North Ashley,Vegan,Breakfast,"(46.034141, -99.371503)"
858,Fruits,13,3/22/2025,413,Catering Service,North Mike,Non-Vegetarian,Snacks,"(47.8485536, 21.4378469)"
863,Fruits,30,3/20/2025,57,Grocery Store,Port Robin,Vegan,Breakfast,"(18.5639033, -72.3146324)"
865,Fish,25,3/20/2025,837,Supermarket,South Charles,Non-Vegetarian,Snacks,"(34.7780488, -91.5860802)"
871,Chicken,7,3/16/2025,875,Grocery Store,South William,Non-Vegetarian,Lunch,"(31.60348, -94.65635)"
876,Salad,38,3/20/2025,78,Restaurant,North Susan,Vegan,Snacks,"(5.8990186, -2.9368338)"
878,Rice,23,3/29/2025,17,Catering Service,West Dawn,Non-Vegetarian,Snacks,"(-33.8555955, 18.5184991)"
887,Soup,12,3/21/2025,825,Supermarket,South Bryan,Vegetarian,Lunch,"(33.1382085, -100.2321388)"
891,Chicken,9,3/18/2025,539,Restaurant,Watsonton,Vegetarian,Lunch,"(17.8119814, -77.2375025)"
895,Pasta,38,3/29/2025,888,Supermarket,West Sharonview,Vegan,Snacks,"(34.8445468, -82.4046597)"
898,Fish,28,3/27/2025,87,Grocery Store,West Adam,Non-Vegetarian,Breakfast,"(48.6959723, 21.2373318)"
901,Vegetables,38,3/26/2025,183,Grocery Store,South Anne,Vegetarian,Dinner,"(18.306359, -74.2200406)"
903,Rice,25,3/30/2025,452,Supermarket,New Erica,Vegetarian,Breakfast,"(52.7118687, 6.9261421)"
904,Chicken,40,3/22/2025,709,Restaurant,South Kathryn,Vegetarian,Breakfast,"(42.2813334, -82.9101686)"
905,Bread,37,3/25/2025,2,Grocery Store,East Sheena,Vegan,Dinner,"(10.6851592, 122.5365417)"
909,Fish,10,3/28/2025,831,Catering Service,Lewishaven,Vegan,Snacks,"(37.0173205, -76.4023212)"
911,Fish,5,3/21/2025,124,Supermarket,Lake Shelby,Vegetarian,Dinner,"(38.2321742, -85.2191491)"
915,Vegetables,35,3/22/2025,198,Restaurant,Port Karen,Non-Vegetarian,Snacks,"(-17.7057782, 168.3061023)"
917,Soup,15,3/28/2025,393,Restaurant,Heatherview,Vegan,Dinner,"(39.5084344, -77.4360968)"
931,Vegetables,49,3/23/2025,139,Supermarket,Port Connie,Vegan,Snacks,"(27.0676294, -82.0974756)"
933,Dairy,17,3/30/2025,478,Catering Service,Lake Regina,Non-Vegetarian,Lunch,"(37.2286012, 140.0580751)"
936,Chicken,32,3/30/2025,381,Supermarket,Martinville,Non-Vegetarian,Breakfast,"(45.278269, -71.714287)"
941,Fish,1,3/16/2025,745,Grocery Store,East Lisa,Vegan,Lunch,"(34.2367636, -118.4581872)"
943,Bread,13,3/19/2025,413,Catering Service,North Mike,Vegan,Lunch,"(47.8485536, 21.4378469)"
947,Bread,29,3/19/2025,176,Restaurant,East John,Vegetarian,Breakfast,"(6.2364146, -57.3290261)"
951,Vegetables,20,3/16/2025,118,Supermarket,Lake Joseph,Vegan,Lunch,"(45.1799923, -79.7324393)"
954,Rice,36,3/25/2025,780,Catering Service,North Caitlin,Vegan,Lunch,"(35.7522998, -78.9008066)"
955,Soup,26,3/26/2025,276,Supermarket,Port Eric,Non-Vegetarian,Snacks,"(10.6487507, -61.5123717)"
958,Soup,19,3/20/2025,794,Supermarket,Woodport,Vegetarian,Lunch,"(40.9853758, -74.6104379)"
959,Pasta,26,3/18/2025,758,Catering Service,Port Patrick,Vegan,Breakfast,"(-20.1375476, 169.8301294)"
963,Fish,33,3/16/2025,827,Grocery Store,East Kimberly,Vegan,Dinner,"(37.0322636, -93.1996833)"
964,Rice,46,3/25/2025,192,Catering Service,Leslieville,Vegan,Dinner,"(43.6627, -79.3328148)"
965,Dairy,44,3/24/2025,791,Grocery Store,West James,Vegetarian,Lunch,"(5.6970517, -0.8552995)"
966,Dairy,41,3/25/2025,705,Grocery Store,East Robert,Vegan,Snacks,"(51.8011319, -8.1846986)"
968,Rice,45,3/17/2025,789,Grocery Store,Lake Maria,Non-Vegetarian,Lunch,"(28.6798931, -81.2614361)"
974,Chicken,45,3/17/2025,393,Restaurant,Heatherview,Non-Vegetarian,Lunch,"(39.5084344, -77.4360968)"
976,Vegetables,41,3/19/2025,738,Grocery Store,West Kelli,Non-Vegetarian,Lunch,"(59.5096355, 26.4216634)"
978,Dairy,14,3/27/2025,743,Supermarket,South Richard,Vegetarian,Snacks,"(30.4002304, -92.217445)"
980,Chicken,2,3/27/2025,876,Grocery Store,Brookeland,Vegan,Dinner,"(31.1526918, -93.9935221)"
984,Chicken,26,3/23/2025,234,Catering Service,New Joel,Non-Vegetarian,Dinner,"(41.3420393, -74.1679241)"
987,Dairy,6,3/29/2025,557,Restaurant,East Aaron,Vegetarian,Dinner,"(55.1828897, -1.5686175)"
988,Soup,44,3/24/2025,517,Grocery Store,Wadeville,Vegan,Lunch,"(39.1506329, -81.6356828)"
989,Bread,31,3/19/2025,557,Restaurant,East Aaron,Non-Vegetarian,Snacks,"(55.1828897, -1.5686175)"
994,Salad,17,3/29/2025,37,Catering Service,New Amanda,Non-Vegetarian,Snacks,"(25.1714886, 121.4385003)"
998,Fruits,6,3/22/2025,444,Restaurant,New Billy,Non-Vegetarian,Dinner,"(50.5559508, -116.0802828)"
1000,Salad,18,3/19/2025,155,Supermarket,Charlesview,Non-Vegetarian,Dinner,"(42.3484469, -71.0965492)"
