Receiver_ID,Name,Type,City,Contact,lat,lon
1,Donald Gomez,Shelter,Port Carlburgh,(955)922-5295,,
2,Laurie Ramos,Individual,Lewisburgh,761.042.1570,18.2067476,-76.9042111
3,Ashley Mckee,NGO,South Randalltown,691-023-0094x856,,
4,Erika Rose,NGO,South Shaneville,8296491111,,
5,John Romero,Individual,Bakerport,067.491.0154,,
6,Mandy Sutton PhD,Shelter,East Sharimouth,682-777-5357,,
7,Kenneth Baker,NGO,South Edwinborough,126-645-6386x4071,,
8,James Perez,Charity,Benjaminburgh,+1-986-748-6688,,
9,Emily Turner,Shelter,West Robert,001-631-022-6157x520,18.7880711,-72.4940048
10,Mary Salazar,NGO,Wrightland,001-187-333-7518x11395,34.8373178,-90.7965012
11,Amber Pacheco,Individual,South Gregorymouth,+1-155-960-7276,,
12,Jennifer Bishop,NGO,Katherineside,+1-801-363-6355x49805,,
13,Jamie Sutton,Shelter,Lake Matthewstad,001-176-847-8920x2687,,
14,Brian Fischer,Shelter,Burkeside,947-041-3246x326,42.1124426,-71.0365748
15,Donald Kelly,NGO,Port Ronald,(935)798-5303,-34.8414233,138.6553467
16,Elizabeth Lewis,NGO,Port Tara,500.386.3867x7565,54.676349,-5.6025082
17,Melissa Castillo,NGO,Silvaport,(699)232-9544,,
18,Lisa Williams,NGO,Moranhaven,360-505-5780x95688,,
19,Courtney Sanders,NGO,North Cynthiaberg,001-083-754-0501,,
20,George Palmer,NGO,Sandrahaven,744.838.6083,,
21,Emily Davidson,NGO,Jonesside,001-893-473-0769x51510,,
22,Kristina Meza,Shelter,Lake Nicole,+1-125-160-0319,25.6887864,-80.4270083
23,Kurt Ward,Individual,Aliciabury,479-035-9976x19919,,
24,Tammy Moore,Individual,Monicafort,721.105.5278,,
25,Lisa Mcclain,NGO,Lake Elizabeth,292-153-9082x59361,34.666136,-118.3963585
26,Kimberly Lindsey,Charity,Port Matthewmouth,+1-979-511-1434x565,,
27,Johnny Page,NGO,Susanfurt,251.922.2940,,
28,Mary Franklin,Individual,Courtneyfurt,001-046-188-9986x12178,,
29,Nicholas Robinson,NGO,Lake Kendra,930-104-8973x8326,28.955409,-81.9103463
30,Bruce Sanchez,Shelter,North Heather,598.459.1819x6171,42.7486765,-89.0110925
31,Rose Powell,NGO,Spencermouth,247-152-7297x648,,
32,Audrey Perez,Individual,Taylorfort,637-025-7736,,
33,Anita Kerr,NGO,Walshfort,(568)992-9509,,
34,Megan Alvarez,Individual,North Robert,6244329386,52.0316469,7.3574804
35,James Castaneda,Shelter,South Rachaelhaven,932-277-2945x55052,,
36,Teresa Davis,Charity,Olsonville,001-737-507-3051x34768,43.1277838,-100.6090255
37,Angel Adams,Shelter,West Erik,+1-785-849-9596x994,52.3733148,4.8442937
38,Alexander Mullins,Charity,Josephview,(248)481-7680,,
39,John Ramirez,Shelter,Moorechester,(859)701-8773,,
40,Abigail Davis,Individual,West Carrie,(307)825-3197,-44.1185523,168.8691842
41,Julia Elliott,Shelter,Port Kellyburgh,+1-613-882-6551x33036,,
42,Maria Jacobs,NGO,Port Dawntown,(225)019-8954,,
43,Bobby Perry,Charity,Amberfort,(020)628-9733x57055,,
44,Andrew Lawson,Shelter,Davisborough,622.566.7870,,
45,Derek Potter,Charity,South Laurachester,497-372-7517x026,,
46,Kevin Lee,Charity,East Teresahaven,354.253.8089,,
47,Taylor Dean,Shelter,Moorechester,297-100-5658,,
48,Jennifer Graham,Individual,East Saraport,001-979-746-0394x487,,
49,Gabriel Nicholson,Charity,South Tonyaborough,030-052-3339x1285,,
50,Brian Gonzales,NGO,North Sarah,001-241-438-2803x907,9.2899576,13.3845996
51,Timothy Clark,Charity,Port Johnchester,217-662-1143x941,,
52,Cheryl Dillon,NGO,Hornemouth,350.146.1578,,
53,Cassandra Owens,Shelter,Tomburgh,001-813-193-7735x105,,
54,Veronica Howard,NGO,Higginsmouth,(517)632-2362x07333,,
55,Erika Rodriguez,Shelter,Larastad,001-732-132-0041x81457,,
56,Deborah Smith,Individual,Jasonshire,996.039.4276x36961,,
57,Christopher Lozano,Individual,New Mary,217-827-0862,45.9921596,-66.5968197
58,Julia Madden,Shelter,Michaelton,(321)207-8844,39.2109408,-76.6641349
59,Alicia Thomas,Charity,Lake Mary,(604)320-0347x3019,28.7562749,-81.322093
60,Jessica Rivas,NGO,Phillipborough,351-783-1595x022,,
61,John Vazquez,Charity,South Kathleenbury,(237)065-6422x5123,,
62,Nichole Lewis,NGO,North Catherinefurt,777-445-5269x5255,,
63,David Turner,Charity,East William,4456052297,53.3459534,-1.729821
64,Debra Sheppard,Shelter,North Darinshire,001-726-678-1689,,
65,Cody Gardner,NGO,Port Belinda,(565)395-0421x232,-33.9798655,25.5350923
66,Jade Jackson,Individual,West Jaclyn,098-158-2253x172,51.4239139,-2.5700651
67,Rodney Walker,Shelter,Strongshire,001-833-385-7777x5891,,
68,Wesley Thompson,Charity,Edwardburgh,+1-901-255-2891x97537,,
69,Scott Brown,NGO,East Dylan,302-197-9398x95559,36.1587149,-95.9915919
70,Carolyn Whitaker,Individual,Gregoryville,6651783261,47.1860368,-88.3926167
71,Timothy Daniel,Charity,New Gloriaburgh,001-562-181-9662x9861,,
72,Charles Davidson,Shelter,West Angelatown,+1-294-698-2957,,
73,Kimberly Mills,NGO,Christineton,288-821-5439,,
74,Patricia Smith,NGO,Laurafurt,(220)453-5600,,
75,Nicholas Smith,Charity,Manningtown,+1-605-970-1115,31.4132755,-81.8584465
76,Anna Lopez,Individual,North Jenniferside,001-805-624-5306,,
77,Juan Spencer,Individual,North David,+1-144-242-7963x89583,-37.7917695,145.0932271
78,Aaron Davis,Shelter,Marshallton,231.082.0755,39.7256679,-75.6540959
79,Meagan Ramirez,Charity,Angelaville,001-671-666-7691x55556,,
80,Eric Jackson,Individual,Knightburgh,7326023388,,
81,Theresa Ramirez,NGO,Port Gregoryport,+1-582-895-7478x325,,
82,Laura Bennett,NGO,Evansside,(379)719-1693x40160,,
83,Julie Hines,NGO,Davidview,143-601-6545x48405,,
84,Deanna Lewis,NGO,East Kelli,0938550061,36.4253354,-83.5380087
85,Jeffery Mueller,Charity,Lake John,3024932900,28.0012138,-81.9420431
86,Jessica Grant,Charity,Smithshire,601.132.1809x716,40.7924347,-90.7783252
87,Tammy Walker MD,Charity,West Ronaldland,(982)044-7177,,
88,Eric Ryan DDS,NGO,Lake Daniel,001-677-794-6847x02126,36.0826356,-79.8116985
89,Mr. David Lambert,Individual,Robinsonside,(929)841-1999,,
90,Alvin West,Shelter,Kellybury,(417)314-8724,,
91,Ashley James,Charity,Garrettborough,192-784-7581x225,,
92,Bridget Peterson,NGO,Greenton,(509)037-6331x927,39.0486198,-93.9641113
93,Allison Bray,Individual,Alexatown,001-122-277-3588,,
94,Timothy Patel DVM,Charity,New Jessica,+1-046-832-9667x841,39.8717053,-74.8639971
95,Anthony Green,NGO,Laurafort,001-706-024-9230x5313,,
96,Michael Walls,Individual,Carterside,650-930-7741,55.3043228,-1.9535372
97,Nathan May,Charity,South Veronicaburgh,(808)784-9354,,
98,Brian Cowan,Individual,Henryhaven,(234)142-1265x21005,,
99,Nancy Silva,Individual,Russellville,929.221.3591x105,35.2784173,-93.1337856
100,Melissa Little,NGO,Robertaborough,(250)263-7746x235,,
101,Nicole Reid,Shelter,Hollytown,808.564.6895,39.9815372,-74.7870282
102,Daniel Burton,Individual,North Matthewhaven,972.284.4190x487,,
103,Karen Cruz,Individual,West Justin,(500)583-5978,18.5360136,-72.5299855
104,Victor Reyes,Charity,North Joshuafort,+1-411-230-8872x5335,,
105,Trevor Wilson,NGO,North Pamela,001-651-719-1403x4050,52.3659799,4.8718685
106,David Johnson,Individual,Lake Rebecca,035-019-0294,44.7502078,-92.8690119
107,Jessica Morris,NGO,Port Elizabethton,(137)776-1761,,
108,Suzanne Dawson,NGO,East Josephstad,+1-682-159-2143x3841,,
109,Rachel Nguyen,NGO,Theresamouth,(040)545-2043,,
110,Karla Castillo,NGO,Lake Michaelton,192-811-2685x97518,,
111,Deanna Flores,NGO,West Johnny,6692949581,18.6765261,-72.3107538
112,Brady Lopez,Individual,Michaeltown,831.275.5906x807,,
113,Jonathan Young,Shelter,Georgeborough,164-864-1786x77029,,
114,John Chase,NGO,Meganton,530.424.6470x4854,,
115,Anthony Carter,Shelter,Scottmouth,(499)726-7360,,
116,Mark Lee,Individual,Port Teresa,001-983-757-6830x086,41.3629878,2.1399277
117,Kelly Pierce,Shelter,East Heatherborough,517.232.1717,,
118,Matthew Tran,Charity,South Franciscoport,583.144.1560x457,,
119,Jasmine Robertson,Individual,Deanview,001-388-078-6769x4237,56.642668,-2.9283841
120,Matthew Ramos,Shelter,Kennethberg,(503)563-9703x9449,,
121,Gavin Freeman,NGO,Ayalamouth,7826814168,,
122,Drew Cline,NGO,Port Patriciachester,517-828-7715,,
123,Teresa Williams,Charity,South Alexandraport,(673)228-8829x64732,,
124,Marie Andrade,Charity,Meghanfort,314-096-2823,,
125,Tammy Smith,Individual,Campbellchester,001-668-537-1925x410,,
126,Heather Brown,NGO,North Lori,(836)116-1365x8718,32.0859941,34.883235
127,Hayden Hill,NGO,North Roger,1431125754,54.4035279,-2.0618325
128,Sarah Carter,Charity,New Benjamin,001-513-018-5852,40.7565671,-73.9720387
129,Denise Martinez,Charity,Drakeburgh,(463)887-8557x617,,
130,Matthew Hughes,Charity,Marieview,468-431-4471,39.2088963,-84.3781935
131,Shawn Mills,Charity,Jeffhaven,+1-951-192-1790,,
132,Katherine Gomez,Charity,South Jasonberg,(609)802-2108x3673,,
133,Robert Johnson,NGO,West James,301-749-5770,5.6970517,-0.8552995
134,Emily Christian,Individual,Marcusberg,(724)629-2189x533,,
135,Jeanne Spencer,Shelter,Huntermouth,987-474-6001x775,,
136,Katherine Murphy,NGO,New Elaine,0675064790,-31.9189673,146.4668768
137,James Jones,NGO,Bakerfort,1224216342,,
138,Christina Potter,NGO,Phillipsbury,+1-366-144-4542x657,,
139,Charles Martin,NGO,New Christopher,(586)009-0817x964,30.0290374,-91.8072529
140,Kristin Scott,Shelter,North Christina,598.905.9117,42.3268222,-83.3844293
141,Christine Gray,Individual,Dawnview,001-466-538-0401,-26.1825,28.1536111
142,Melody Good,NGO,Wilsonfort,8802732716,,
143,Amanda Hendricks,Shelter,Nancyshire,009.494.1313,,
144,Jennifer Nelson,Individual,North Paul,(613)802-7241x644,32.5428807,-94.9424786
145,David Hull,Shelter,Tanyachester,139.804.6633,,
146,John Cummings,Individual,Joshuamouth,1344646051,,
147,Sara Wise,NGO,New Shannonbury,086-773-6881x8590,,
148,Robert Simon,NGO,North Amandafort,(172)646-7107x977,,
149,Nathan Willis,NGO,Danielfort,830.318.9696x322,,
150,Kelly Howe,Charity,Davidmouth,096.059.3098x621,,
151,Lisa Eaton,Shelter,New Aimeemouth,342.869.6733,,
152,Jasmine Miranda,Individual,Caseyland,913.509.4800x3395,,
153,Jason Holmes,Individual,Williamtown,+1-865-533-0612x9768,-32.815,151.8427778
154,Thomas Johnson,Shelter,Lake Victoriaport,6267945876,,
155,Christopher Kennedy,Shelter,Patriciaton,509-179-8044,,
156,Corey Mitchell,Charity,Jacobsmouth,001-392-115-8557x9367,,
157,Jason Davis,Individual,Charleston,523-114-6883,32.7884363,-79.9399309
158,Gregory Murphy,Individual,South Ashley,(090)319-2480,33.0486748,-91.5767415
159,Angela Cortez,NGO,Lisaton,+1-685-216-4851x71780,,
160,Tracy Hartman,Charity,South Jill,+1-947-203-9101,-33.8686205,151.031674
161,Mary Nguyen,Charity,Mcclurestad,+1-453-182-2743x789,,
162,Douglas Baxter,Individual,Amandaville,+1-139-598-2308x18363,38.3973149,-81.8559641
163,Jennifer Anderson,Charity,Daleshire,+1-073-375-4139,39.084765,-76.9313313
164,Aaron Scott,Charity,Heatherfurt,(075)863-3168x28937,,
165,Danielle Bailey,Shelter,East Sarahtown,(326)806-0927x09574,,
166,Danielle Willis,Charity,Ginamouth,870.458.3747x34840,,
167,Erica Fox,Charity,West Shawn,001-029-918-8786x2118,40.3325984,-76.7519635
168,Kayla Johnson,Shelter,East Timhaven,786.534.5065,,
169,Jon Stanton,Charity,Nguyenfurt,467-723-2786x8881,,
170,Adam Browning,Charity,Port Erica,196.596.9067,-29.9018075,30.9035026
171,Suzanne Velasquez,NGO,Joanchester,(305)672-4633x961,,
172,Nicole Brown,Charity,Thomaston,216-121-6760,40.7862124,-73.7137421
173,Jason Moore,NGO,West Courtneyport,913.468.5154x18139,,
174,Matthew Johnson,Individual,Smithstad,285.859.0597,,
175,Stephanie Hoffman,Individual,New Tiffany,(972)598-5363x199,33.7232713,-106.9441751
176,Brendan Farley,NGO,Nicoleport,376.330.3007,,
177,Tonya Lucas,NGO,Robertsonchester,+1-913-542-6523x9521,,
178,Deanna Jarvis,Shelter,Port Emilymouth,(799)565-8611,,
179,Adam Hodge,Charity,West Krystalview,+1-163-751-5462x947,,
180,Michelle Cook,Shelter,Peterhaven,(412)902-4858,,
181,Paul Evans,NGO,Smithshire,3222400397,40.7924347,-90.7783252
182,Troy Miller,Charity,Seanside,8901485867,,
183,Nicole Walker,Individual,Thomasland,001-617-475-6913x02561,52.6127276,-1.7127728
184,Matthew Sanchez,Individual,Port Melissa,001-715-920-1622x23981,29.9727035,-93.95587
185,Shannon Pineda,Individual,Lake Amanda,129-249-0893x786,35.1459907,-92.9224905
186,John Massey,Shelter,Heathertown,4995907798,,
187,Amy Thomas,Shelter,Lake Erica,+1-215-295-0597x4795,28.8182744,-81.6256216
188,Tina Ingram,Charity,Angelicatown,+1-967-134-3646x12054,,
189,Stephen Smith,Individual,Maxberg,(690)326-1349x605,49.353082,12.9303174
190,Maria Jackson,Charity,North Shelby,016.041.6963x060,33.4495475,-111.6495515
191,Brent Anderson,Shelter,New Seanburgh,2254787600,,
192,Rhonda King,Individual,Toddborough,367-958-5492,,
193,Jesse Brown,Charity,Figueroaport,001-481-425-0706x82893,,
194,Alan Campbell,NGO,Shawmouth,(942)807-0793x71978,,
195,John Martin,Charity,New Jason,581-174-6644x358,32.0552462,-103.5182297
196,Tara Bauer,Charity,Port Dustin,(709)935-2878,27.2214512,-80.3586697
197,Deanna James,Shelter,East Tinamouth,839-100-6940x3681,,
198,Scott Anderson,Individual,East Teresamouth,733.296.8887,,
199,Ashley Rivers,Individual,East Sharon,+1-988-051-2193x6577,42.1350991,-71.1611623
200,Nicole Williams,NGO,East Jillian,+1-785-780-7784x633,52.9191845,-1.4768569
201,Calvin Lucas,Individual,Corybury,4177309502,,
202,Veronica Coleman,NGO,North Mario,(096)512-5528x76619,54.9708286,-1.6140916
203,Vincent Matthews,Shelter,Allenmouth,0335998576,,
204,Rachel Thomas,Individual,North Lindachester,(417)873-5848x16786,,
205,Kimberly Wilkins,Charity,West Casey,3783162949,41.9402636,-88.1510223
206,Ashley Brooks,Individual,Ramseystad,428.820.9314,,
207,Nicholas Holloway,Shelter,South Kendraville,719-821-9201,,
208,Michael Flores,Charity,Andrewmouth,+1-972-682-8043x628,,
209,Gina Payne,Individual,Steveberg,(960)884-6634x1029,,
210,Tara Mcmahon,NGO,South Anna,283-528-8473,37.8590317,-77.9052734
211,Judy Griffith,Charity,Baileyville,+1-255-391-6382x12809,45.1549515,-67.4050134
212,Ronald Gonzalez,Shelter,Stevenmouth,+1-946-378-3210x0415,,
213,Kelly Barber,NGO,Emilymouth,259-420-4088x04690,,
214,Corey Rodriguez,NGO,New Roseville,+1-866-544-7425x907,-33.784545,151.1778441
215,Mr. Matthew Johnson DDS,Charity,Port Stephen,1733110659,40.7009039,-76.1601052
216,Morgan Massey,Charity,West Amybury,929-286-6902,,
217,Kelsey Holloway DDS,Charity,Ashleyborough,(300)705-1978x78749,,
218,Corey Lamb,Charity,New Daniel,882-893-9920,40.7667776,-73.9675711
219,Alex Rogers,Charity,Lake Austinmouth,+1-017-613-1019,,
220,Cassandra Mendoza,NGO,Dantown,2612673922,41.7067216,-80.3914547
221,Rebecca Goodman,Shelter,Robinsonland,(392)221-8538x523,,
222,Stephanie Jones,Shelter,West Aaronport,001-029-940-1111,,
223,David Henderson,Charity,Hallside,(976)946-9613,55.8140279,-4.1381123
224,Franklin Kelley,Charity,East Jacob,2077678809,14.6144292,121.1216841
225,Joseph Bowman,NGO,West Jessica,001-363-434-2847x24463,18.5413808,-72.2578144
226,Daniel Kerr,Charity,Fergusonton,(548)955-9384x8406,,
227,Samuel Hodge,NGO,Port Maria,302-463-7516,18.3732372,-76.8938277
228,Joanna Wilkins,Charity,Singletonview,(796)888-1488,,
229,Tina Watkins,Shelter,Bushview,7774795306,51.5652735,0.0137887
230,Nathaniel Moreno,NGO,Poolestad,(816)818-9063x631,,
231,Christopher Barrett,Charity,Port Brianville,+1-099-740-1254x66035,,
232,David Smith,Charity,Davidshire,106.465.7709,,
233,Alicia Porter,Charity,Port Ericmouth,001-652-614-2884x66578,,
234,Keith Atkinson,Charity,Lake Julia,686-968-4161x069,44.3473438,-85.2535956
235,Megan Freeman,NGO,Rogerburgh,+1-510-274-6183x0559,,
236,Duane Burnett,Charity,New Derek,001-590-114-4533x323,52.5804123,-1.9965637
237,Cathy Adams,Shelter,West Josephshire,269-061-4726,,
238,Kendra Krause,NGO,Davisburgh,(450)032-0502,,
239,Lindsay Garcia,NGO,North Kimberlyport,0722151225,,
240,Ronald Miller,Shelter,Edwardsside,0180633263,,
241,Elizabeth Dunn,Charity,Wilsonfurt,(069)221-0114,,
242,Matthew Pearson,NGO,Garciaview,6212235497,,
243,Alexis Smith,NGO,West Vickie,001-272-079-3939x93350,35.0075036,-90.0481005
244,Jason Ramos,Shelter,Carolhaven,146.014.0992x777,,
245,Rebecca Sanchez,Shelter,New Craig,586-413-7361,57.3562345,-2.4204854
246,Kristi Wagner,Shelter,Lake Darrellburgh,264-255-1562,,
247,John Mitchell,Charity,Aaronshire,001-095-184-7835,,
248,Victoria Lee,Charity,New Abigail,979-786-2359x15290,40.7605217,-73.9597128
249,Zachary Lewis,Charity,Lake Kelli,0318694632,42.2228699,-87.9631544
250,Jamie Ferguson,Charity,Jenniferberg,001-052-150-4048x243,,
251,Sarah Hodges,NGO,Martinland,001-016-163-1445,50.9153462,0.1585112
252,Angela Dunlap,Individual,New Julian,854.203.2129,44.8607354,1.3632959
253,Adam Pittman,NGO,West Christiantown,455.915.1588x8706,41.4221765,-70.6752093
254,Felicia Wilkinson,Shelter,Williamsfort,4034230469,,
255,Walter Myers,Individual,New Tina,+1-285-278-8381x0454,-22.2386419,166.4845805
256,Derek Wilson,Individual,Christopherland,+1-963-859-7585x002,,
257,David Bryant,Shelter,South Amy,434-290-3119x1927,35.1612867,33.3456663
258,Scott Grant,Individual,Port Samantha,001-691-849-8860x97955,32.6329952,-97.3525948
259,Aimee Stone,NGO,Barnesport,104-394-7041x83013,,
260,Patricia White,Charity,Lake Jessicaborough,(434)635-4716x587,,
261,Maria Lang,NGO,East Moniquemouth,(795)261-1223x445,,
262,Autumn Reed,NGO,East John,+1-001-202-0048,6.2364146,-57.3290261
263,Ann Mcclure,Shelter,West Johnmouth,335.776.9231,,
264,Sandra Townsend DVM,NGO,West Kelly,+1-135-886-0842x42924,31.5694931,-85.2510648
265,Rebecca May,Individual,Murrayview,(783)144-3726,-34.1675947,142.0697631
266,Stacy Mayo,Shelter,Bauerton,+1-364-925-2936x855,,
267,Randall Robbins,Shelter,Dylanton,+1-382-112-6000,,
268,Steven Morton Jr.,Shelter,Kellybury,(884)503-7406,,
269,Mrs. Paula Jones,Individual,Emilymouth,(935)377-2742x36543,,
270,Darlene Fernandez,Shelter,Monicaton,0792874429,,
271,Mark Hartman,Individual,East Ashleyshire,818-015-1582,,
272,Walter Carter,Shelter,Brianchester,(170)734-4123x02001,,
273,Jonathan Soto,Charity,Autumnbury,247-993-8111x9057,,
274,Robin Ross,Individual,East Williamborough,(780)754-0093,,
275,Michael Johnson,Individual,Longmouth,081.042.8712,,
276,Scott Hunter,Individual,Greenton,074.305.5053x60975,39.0486198,-93.9641113
277,Austin Jones,Charity,Brandonside,(601)474-8397x472,,
278,Jay Roberts,Shelter,West Christopher,(435)815-1380x935,18.5389827,-72.3123039
279,Angela Wyatt,Charity,Port Jessica,592.913.1646x3179,14.5313042,121.5668715
280,Jesse Miller,Shelter,Port Samanthamouth,142.076.4130x9854,,
281,Mrs. Kristin Adams DDS,Charity,Lake Christychester,073-764-3235,,
282,Lisa Pitts,Shelter,Lake Stephenport,001-709-342-3522,,
283,Edward Cook,Charity,Isaiahtown,990-534-5202x158,,
284,Beth Sanchez,NGO,Dustinfurt,896.737.8178x2821,,
285,Derrick Curtis,NGO,Stephaniechester,140-095-1639x5596,,
286,Travis Hughes,Shelter,Castilloland,(905)976-6704x97813,,
287,Jennifer Johnson,Charity,Burnettton,7970971389,,
288,Christopher Larsen,NGO,Susanview,146-422-6270,38.5787879,-90.3131567
289,Nathan Reynolds,Shelter,Lake Tina,0295226591,61.1661529,-149.8910659
290,Karen Brennan,Shelter,Hannahside,6935324960,,
291,Dawn Thompson,Charity,North Josephland,141.973.6585,,
292,Mrs. Emily Smith DVM,NGO,Shermantown,(348)542-4932x868,39.2065597,-115.50448
293,Randy Roach,Charity,East Bryan,888-534-4534,35.4978913,-84.998551
294,Cynthia Horton,NGO,Jamesstad,535.576.5970x774,,
295,Joseph Williams,Individual,East Dale,001-112-513-9413,54.1602878,-0.3792853
296,Pamela Santos,Shelter,Lake Michael,865.186.5350x045,42.5244956,-83.4359107
297,Deanna Daniels,Individual,Aguilarstad,001-436-929-2288,,
298,Robert Burke,NGO,Marksmouth,995.297.8023x0932,,
299,Michael Curtis,Shelter,Alexanderbury,+1-523-687-8881x66849,,
300,Jeanne Benjamin,NGO,North Alexander,595.000.7971x3446,42.9295043,-78.2416834
301,Kristina Simpson,NGO,Melissaport,3752453906,,
302,Daniel Moore,Charity,Port Richard,176-809-8232x828,34.1579944,-119.1893732
303,Joseph Davis,NGO,Millerport,779.802.6319x67760,,
304,Jennifer Ayala,NGO,Edwardshaven,(929)015-8411x75681,,
305,Brendan Vargas,NGO,Kellyville,981.660.6741x707,35.9436968,-96.2136136
306,Donna Williams,Charity,Calebview,083-313-0990x09518,,
307,Logan Becker,Charity,North Patriciamouth,+1-226-239-1432,,
308,Robin Pena,NGO,Cynthiashire,691-775-8145,,
309,Bryan Smith,Individual,New Julia,001-127-550-6441x5817,44.8607354,1.3632959
310,Gary Adams,Individual,New Sara,001-323-823-4026x61837,18.9833036,83.8245412
311,Tina Jackson,Charity,Geraldchester,103-002-5677,,
312,Pamela Morales,NGO,Schaeferfort,(791)624-2530x9708,,
313,David Marsh,Shelter,North Kimberlyfort,(498)526-5768x31348,,
314,Kelsey Smith,Shelter,Haleymouth,(764)989-3036x77897,,
315,Anthony Harris,Individual,West Aaronberg,811-306-2805,,
316,Jacob Montoya,NGO,Meganmouth,609.858.6366x85166,,
317,Martha Flores,NGO,Lake Glenview,568.426.0750,42.0915511,-87.8180905
318,Michael Carter,Charity,Danielborough,+1-149-468-9647x5327,,
319,Donald Bender,Charity,Andersenfort,(262)899-6349x569,,
320,Carmen Barker,Shelter,North Williamview,001-151-284-3163,,
321,Wanda Wise,Shelter,South Bethanyport,(940)028-0493x49472,,
322,Stephanie Mathews,Shelter,North Ashleymouth,+1-852-242-7762x49312,,
323,Linda Banks,Individual,New Sarahmouth,323-540-9403x92583,,
324,Kristine Martin,NGO,Thompsonhaven,444.954.4127x16438,,
325,Lawrence Owens,Individual,South Amybury,+1-565-748-7655,,
326,Douglas Jacobs,NGO,East Gina,819-072-2490x353,51.5100102,-0.1486392
327,Aaron Keller,Shelter,Melissaview,799.568.0302,39.147467,-84.658932
328,Carlos Lawrence,Individual,New Justinhaven,272.580.3538,,
329,Christine Patterson,Individual,Edwardfort,001-270-907-0981x5520,,
330,Kimberly Hamilton,Individual,North Bruce,398-486-8232x9944,35.6732153,-77.4838579
331,Shane Stein,Individual,Reidton,(086)799-6277x14274,,
332,Raymond Harris,Charity,Hammondfort,173.185.2783,,
333,Gabriel Vargas,Charity,Chaseview,001-343-254-2598,29.610166,-95.5026023
334,Gina Wu DDS,Shelter,Lake Melindaside,(484)350-0946,,
335,Deborah Sexton,Shelter,Victoriastad,899-936-4720x6569,,
336,Laura Marshall,Charity,East Lisafurt,+1-389-167-7916x81453,,
337,Jennifer Schmidt,Individual,South Michelleshire,007-561-4094x27296,,
338,Patrick Zimmerman,Shelter,Thomasberg,(913)638-9318x024,47.5701852,16.1435083
339,Dustin Johnson,Individual,Gomezmouth,001-171-995-2815x84366,,
340,John Baxter,NGO,New William,894-441-9136x66913,41.449505,-74.816548
341,Anna Buckley,Individual,Murphyfort,421.281.9097x013,,
342,Kristina Vargas,Charity,Lake Rebeccaton,364.779.6707x066,,
343,Roberto Stanley,Shelter,Melindaview,(273)299-4177x0763,,
344,Barbara Velasquez,Charity,Priceborough,(669)247-4183,,
345,Eric Ramos,Individual,Rushfurt,515.928.1587x32812,,
346,Mr. Mark Knight DVM,Charity,East Joseph,757-796-7872x2411,30.106024,-92.124066
347,Michael Keller,Individual,New Derek,(000)572-1246x444,52.5804123,-1.9965637
348,Donna Hughes,Individual,Maryfort,352-520-3779x375,52.8773939,-8.7057533
349,Gwendolyn Johnson,Individual,West James,649.714.9926,5.6970517,-0.8552995
350,Sylvia Stanley,Shelter,Jenniferbury,065-230-0281,,
351,Kerry Jones,Charity,New Christopher,725-779-5651,30.0290374,-91.8072529
352,Cody Martin,Individual,Angelamouth,(239)678-6580x09652,,
353,Mrs. Stacey Morales MD,Individual,Juliastad,866.050.9817,,
354,Kimberly Nelson,Charity,Lake Lesliemouth,(009)475-3945,,
355,Brian Hoffman,Shelter,Lake Dillonborough,(718)753-5421x7242,,
356,Brian Cherry,Charity,Swansonport,+1-673-372-2010,,
357,Jacob Orozco,Individual,West Jeffrey,787-834-8225,37.1100137,-119.3225015
358,Brian Davis,Charity,Williamsfort,(750)646-5852,,
359,Travis Walker,NGO,West Dan,(843)905-0785,52.3672193,4.8687319
360,Tammy Boone,Shelter,New Christopher,301.713.7646x501,30.0290374,-91.8072529
361,Samuel Lewis,Individual,North Nicole,001-381-807-5033x358,52.3750977,4.8604543
362,Elizabeth Collins,Shelter,Johnland,(601)532-8275x383,40.9046417,-73.2405597
363,Stephanie West,Charity,North Jamesfurt,001-794-254-5542,,
364,Keith Gray,Charity,New Corey,001-297-087-3713x91812,42.9936431,-71.4530598
365,Melissa Green,Shelter,South John,621.698.0426x1205,2.9401552,9.9145143
366,Tony Holmes,NGO,Jaredport,623.131.4040x0485,,
367,Ricardo Roberts,Individual,West Matthewborough,(371)857-1738x24461,,
368,Debra Murray,NGO,Duncanchester,566-832-5437,,
369,Sherry Hall,NGO,Davidmouth,256-166-3623x2267,,
370,Tara Johns,Individual,Paulmouth,374.171.5991x58449,,
371,William Frederick,NGO,Port Dean,001-228-551-9866,27.0566139,-82.0857006
372,Harold Bowen,Charity,South Barbaraburgh,732.692.1653x04238,,
373,Seth Esparza,Shelter,Port Brandonberg,2597616873,,
374,Ricky Walker,Individual,Port Johnstad,001-066-700-7862x511,,
375,Melissa Smith,Shelter,Lake Stevenburgh,+1-616-230-5539,,
376,John Reeves,NGO,Jamieview,+1-050-306-9244x20943,,
377,Patrick Campbell,NGO,Leeton,7058064686,-34.5297534,146.293258
378,Brandi Buckley,Shelter,Lawrencechester,518-742-2945x12087,,
379,Tara Graham,Shelter,Lake Cory,617.869.7697,42.3248187,-120.3072826
380,Heather Silva,Charity,Lake Ryan,1340826530,-42.4255426,171.2074918
381,Yvette Huffman,Charity,Reevestown,8398518386,32.937929,-80.4740704
382,Patricia Stevens,Shelter,Perezport,001-628-479-0049x980,,
383,Melissa Kennedy,Individual,West Tina,(129)335-4916x24644,18.8089611,-72.8851644
384,Anthony Guerra,Charity,North Michelle,102.222.7070x5313,6.1176905,125.1657848
385,William Barnes,Shelter,Kellyfurt,(257)241-0749x262,,
386,Mary Hopkins,Individual,Tiffanyport,001-476-350-8465x7500,,
387,Michael Proctor,Charity,Lisafurt,(119)549-4969,,
388,Nicole Mueller,Charity,Rachelberg,241-269-1178,48.858687,13.1729936
389,Kelly Buchanan,Charity,Lake Jonathanchester,106-927-5178x0789,,
390,Victor Crawford,NGO,New Brandonton,+1-389-087-5252x62752,,
391,Regina Munoz,NGO,Lake Clinton,585.955.3149,39.3683216,-106.149188
392,Tracy Douglas,NGO,Gordonstad,+1-084-522-8932x8580,,
393,Dana Simmons,Shelter,West Jorge,005-720-2323x75794,11.9789352,124.8248769
394,Kyle Kerr,Charity,Sarahville,(065)853-7158x4157,32.9832814,-96.7666432
395,Joseph Davis,Charity,Sherryhaven,426-870-2757x6102,,
396,Allison Martinez,NGO,New Amy,(945)511-1142x655,43.6478271,-71.5160476
397,Mr. Robert Rivera II,Individual,Bergerport,+1-470-154-5478x4289,,
398,Alex White,Charity,Port Carmen,(226)363-8449,45.6532279,-79.572013
399,Jennifer Hughes,Charity,West Donnaton,001-147-430-1204x8556,,
400,John Byrd,Shelter,West Randall,(219)313-6702x212,34.8152515,-85.0411275
401,Leslie Acevedo,Charity,Lake Matthew,(028)737-3556x89803,-41.9532299,145.6095999
402,Nicholas Mosley MD,Individual,North Manuel,+1-759-332-7128,29.4464924,-98.5543219
403,John Collins,Shelter,New Deborahville,001-237-766-3335,,
404,Marissa Fischer,Shelter,New Kevin,(454)463-8142x8597,40.7911629,-73.9394101
405,David Evans,Shelter,Chambersmouth,(316)221-9715,,
406,Ashley Martinez,NGO,Lake Crystal,151-521-2736,44.1057973,-94.2188494
407,Arthur Thomas,Charity,Clarkhaven,001-797-615-8560x7849,38.8751836,-94.5428419
408,Jennifer Mccoy,Individual,Morganville,(430)171-1148x1808,39.466386,-97.20197
409,Matthew Simmons PhD,Shelter,Brandonhaven,001-040-668-4559x58950,,
410,Betty Reid,Charity,North Abigail,001-526-626-7117x20926,43.6879067,-79.5701232
411,Eric Kaiser,Shelter,West Mikayla,001-493-969-0455x844,35.1529915,-89.835208
412,David Carney,NGO,Port Dianemouth,001-710-732-1565x428,,
413,Dennis Schultz,NGO,New Natalieland,(348)049-0216,,
414,Dr. Matthew Hughes DDS,NGO,Christopherchester,+1-126-714-2290x91321,,
415,Kevin Blair,Individual,Lake Laurenburgh,(887)033-5757x4595,,
416,Ernest Cox,Shelter,Christinaland,(061)462-4166,,
417,Justin Santos,NGO,Rayfurt,953.221.6291x3146,,
418,Miss Mary Turner,Charity,North Holly,899-330-2450,35.6512655,-78.8336218
419,Teresa Jackson,Shelter,Port Thomasstad,001-620-115-6715x07034,,
420,Susan Green,Charity,Josephborough,+1-716-778-7428x09975,,
421,Jonathan Copeland,Shelter,Jonathanview,836.048.1897x257,,
422,Tina Bean,Charity,South Tyler,001-877-090-0264x425,35.1249853,-97.6530753
423,Christine Bell,Individual,South Edwardburgh,(172)033-3196x74489,,
424,Pamela Harris,Charity,Lewisfort,320-562-3060,,
425,Robert Chavez,NGO,Chadport,(886)049-9104x019,,
426,Jose Rivas,Shelter,Rosaleschester,001-411-455-9848x386,,
427,Toni Johnson,NGO,Lake Steven,(045)229-8601,43.313861,-84.8841352
428,Elizabeth Galvan,NGO,Lake Karen,+1-896-018-1230,-1.3202122,36.7029041
429,Daniel Williams,Shelter,Russellburgh,2886093038,,
430,April Johnson,NGO,Pagemouth,(540)486-0312,,
431,Mr. Gregory Thompson,Charity,East Douglas,725.348.5813x15130,42.0723501,-71.7133029
432,Julie Brown,NGO,East Melissaport,(544)200-6673x39918,,
433,Michael Dunn,Individual,Lake Kyleside,001-263-994-2712,,
434,Jason Alvarez,NGO,South Connorview,(107)164-5994,,
435,Whitney Evans,Shelter,Martinezside,001-355-911-9659,,
436,Jacqueline Turner,NGO,Robertsport,937.841.8251,6.7525707,-11.3669534
437,Lindsey Lewis,Shelter,West Rogerview,001-610-209-8312,,
438,Jane Davis,Individual,Lake Joshuaville,001-480-554-8487x778,,
439,Erika Lopez,Shelter,North Margarethaven,117.027.1702,,
440,Alexander Walsh,Individual,Troyshire,001-443-638-7858x7009,,
441,Cynthia Johnson,Charity,West Cherylland,716.098.0270x507,,
442,Natasha Harper,NGO,Port Sara,(474)763-3272x81635,35.8725635,14.5193501
443,Brittany Anderson,Individual,Port Michaelmouth,610-921-4134x12104,,
444,Michael Simmons,Individual,Coreymouth,427-237-3480x5364,,
445,Christopher Williams,NGO,North Kathryn,(304)550-4023x26262,46.6780313,-97.968712
446,Eric Mays,NGO,Port Deborahbury,555-698-7496x465,,
447,Erika West,Individual,Mikemouth,409.663.4270x89860,,
448,Nicholas Harrison,Shelter,New Timothymouth,0155752106,,
449,Mrs. Valerie Hartman,NGO,Port Jenniferborough,1271218776,,
450,Russell Smith,Charity,New Rebecca,+1-581-575-6141x390,41.4208608,-74.4794998
451,Marcus Gregory,Shelter,Hollyside,(452)490-4054x2105,51.7223683,-2.6626587
452,Tina Banks,Charity,Port Judith,986-535-7620,14.8518783,121.978579
453,Kristen Alvarado,NGO,Davidport,001-965-776-9092x06414,,
454,Steven Griffin,NGO,Cruzborough,511.595.0189,,
455,Jennifer Kennedy,Individual,Port Deborah,9581893095,-33.9369114,25.532008
456,Rodney Perkins,Charity,Lake Christina,2914238876,46.6943476,-67.8879788
457,Ryan Cole,Charity,Sandratown,001-477-548-6956x3901,,
458,Michael Vargas,Charity,East Andrewhaven,(932)466-1933x7047,,
459,Brandon Riley,NGO,Powerston,742-364-6134,,
460,Karen Stafford,Shelter,West Justinberg,(040)774-3704,,
461,Tonya Lewis,NGO,Edwardport,9693197491,,
462,Timothy Martin,Charity,Lake Adriennechester,0686804383,,
463,Frank Jackson,Charity,North Jeffreychester,441.504.6385x08595,,
464,Richard Parsons,Shelter,Bushbury,+1-781-993-1106x42127,52.6187266,-2.1178998
465,Makayla Davis,Shelter,Chrisport,282.929.9573,46.605705,13.8629125
466,Christine Ashley,Individual,South William,(067)618-4352x8380,31.60348,-94.65635
467,Nathan Gonzales,Charity,East Daniel,543.908.4807x329,40.7667776,-73.9675711
468,David Castro,Shelter,Heatherhaven,701.529.8611x3352,38.6184021,-90.5076964
469,Steven Martinez,Individual,Johnsonberg,(772)398-6224,,
470,Edwin Osborne,NGO,North Robinville,160-605-7945,,
471,David Fuentes,NGO,North Kimberlyland,767.966.0659x378,,
472,Brian Hill,Charity,Port Dominique,001-468-666-0994x3200,35.8995329,14.5160909
473,Justin Powell,Shelter,Port Sarah,001-823-112-3947x46965,54.5416391,-130.4550167
474,Christine Lawrence,Charity,Bobbyfort,(936)378-6017,,
475,Kim Gamble,Individual,East Ginafort,(076)275-8691,,
476,Jennifer Baker,Shelter,Castilloshire,+1-340-509-3899x3380,,
477,Jorge Young,Shelter,Lake Rebeccaton,208.678.3432,,
478,Benjamin Wilson,NGO,West Aliciaburgh,(522)862-6624,,
479,Karen Reeves MD,NGO,Lake Mitchellbury,365-174-3809,,
480,Michael Roberson,NGO,South Davidstad,821.945.1712x4447,60.9225194,27.56931
481,Heather Brown,Shelter,New Michaelport,001-137-622-5038x219,,
482,Timothy Garrett,NGO,Andersonview,9075323328,,
483,Emily Sandoval,Charity,Port Gregory,076-207-0611,-28.1880117,114.2514677
484,Mary Harrington,Shelter,Port Jason,(773)159-6013x005,41.1369689,-85.0833107
485,Debbie Cox,Charity,Christopherchester,001-858-989-1478x60960,,
486,Ronald Brown,Shelter,New Dustin,(768)201-4672,43.2879327,-71.5909886
487,Micheal Peterson,NGO,West Jeffreyfurt,094.330.4095,,
488,Patrick Jenkins,Charity,West Richard,(117)098-8608x39905,39.6067719,-79.9064986
489,Erin Foster,Charity,Jessicatown,104-981-9543x8798,,
490,Tiffany Smith,NGO,Port Brandon,150.954.1064x502,27.3070563,-80.301416
491,Molly Edwards,Charity,Rodriguezborough,3469124779,,
492,Julie Lewis,NGO,South Steven,(557)352-3497x4606,18.1957428,-73.7480413
493,Chelsea Powell,Charity,Lake Rachelburgh,001-527-059-4168x72504,,
494,Timothy Chavez,Individual,Brooksmouth,(939)046-4362x26066,53.5928031,-2.3109072
495,Andrea Meyer,Individual,Christophertown,001-579-575-4238x796,,
496,Kristina Park,Charity,Langburgh,001-608-542-0101,,
497,Miss Jamie Gonzalez DDS,Charity,Proctorville,(011)132-1619x1390,38.438232,-82.3811273
498,Dennis Ford,Charity,Port Derekland,560-838-8104,,
499,Ricky Harmon,Individual,Port Chaseport,817.399.8610x569,,
500,Richard Patterson,Charity,Huynhmouth,1091960030,,
501,William Davila,Individual,Gilbertborough,632-044-8155,,
502,Carly Austin,Charity,Connerland,588.696.9694x7636,,
503,Eileen Scott,Charity,Lewismouth,(834)331-4178x57771,,
504,Michael Williams,Shelter,Matthewhaven,001-511-204-6271,,
505,Alexandra Owens,NGO,Bradleyland,927.996.1259,,
506,Mrs. Kim Blackwell,NGO,Port Margaretport,(978)017-2536,,
507,Destiny Maldonado,Charity,Carlosfurt,264-754-6432x2877,,
508,Kimberly Wilson,Individual,Susanville,9903662975,40.4162842,-120.653006
509,Drew Edwards,Charity,Huffmouth,+1-910-217-0650x58040,,
510,Jeremy Christensen,Individual,Ashleyborough,678-777-3829,,
511,Kimberly Cox,NGO,Lake Gloria,628-904-6503,50.8646329,-115.604978
512,Anne Stone,Shelter,Pittsville,(468)482-9531x7575,38.3954411,-75.4130775
513,Dr. Ryan Gilbert,Individual,Sarahaven,527.386.4611x5297,,
514,Ashley Bell,Shelter,Olsonland,+1-733-905-4924x97502,,
515,Misty Downs,NGO,Robertview,064.359.6470,,
516,Gary Myers,Shelter,Turnerhaven,001-669-919-8102,,
517,Taylor Wolfe,Individual,New Travisland,516.367.4140,,
518,Katrina Smith,NGO,Stephanieberg,577.112.9949x6527,,
519,Elizabeth Salazar,Shelter,Paynestad,(655)147-4123x411,,
520,Alexandra Jones,NGO,Lisaborough,925.839.2741,,
521,David Robinson,NGO,Carolinebury,+1-225-576-9253,,
522,Veronica Robinson,NGO,East Cynthiahaven,(108)881-7279,,
523,William Fox,NGO,Port Angelafurt,228-002-6281,,
524,Tiffany Rodriguez,Charity,Ramirezhaven,+1-976-624-2718x90881,,
525,Michael Dixon,Charity,Rebeccaview,579.632.5450x933,,
526,Brian Morales,NGO,Darinland,409-939-7232x9674,,
527,Kelli Fuentes,NGO,East Peter,001-579-200-2768x448,14.611838,121.1166626
528,Alexander Dean,Charity,New Robert,+1-291-500-3349x3774,44.7634729,-0.4923331
529,Amy Perez,Charity,West Jacquelineland,001-692-634-3701x202,,
530,Lindsay Yates,Individual,Diazshire,+1-988-586-7568x1040,,
531,Alexandra Rogers,Charity,Paulaburgh,911-326-3274x85954,,
532,David Sellers DVM,Individual,South Michaelfurt,492.321.3443,,
533,Joseph Knapp,Shelter,New Michael,117.096.9114,27.2883847,33.7648604
534,Megan Miller,Individual,Anthonyport,252.665.5472,,
535,Jane Avila,Shelter,Christinahaven,0329872893,,
536,Margaret Lloyd,Shelter,Phillipston,+1-551-266-7292x92504,42.5492206,-72.1330646
537,Earl Eaton,Shelter,Port Michaelport,0764237778,,
538,Ronald Norton,Individual,Carterton,+1-311-060-5846x0735,51.7592426,-1.5944418
539,Jessica Lee,NGO,Vasquezberg,129.597.1071,,
540,Cristina Curtis,Individual,East Davidbury,504-722-0994,,
541,Amy Brown,NGO,Shelbyland,752.956.3208x04024,48.1533602,17.1246402
542,Savannah Neal,Individual,Ashleeside,(750)257-4736x9555,,
543,Brenda Green,Charity,Jacobmouth,001-344-515-4579x388,,
544,Matthew Wright,NGO,Port Traci,001-782-074-4708,,
545,Peter Allen,Individual,Port Kristinechester,+1-487-877-1518,,
546,Meagan Hughes,Charity,Lake Lance,(109)364-9434,39.0084389,-122.5155851
547,James Kennedy,Charity,South Donaldshire,543.901.8742x48816,,
548,Gary Andrews,NGO,Gonzalezstad,+1-115-368-3340,,
549,Trevor Lam,NGO,New Alexismouth,726-277-0665,,
550,Shawn Gibson,Individual,South Eric,001-268-793-0427x33000,18.0659777,-73.9086764
551,Kyle Vega,Shelter,West Alexandra,+1-239-355-7045,49.1809476,-123.1190795
552,Jeremiah Jones,NGO,Shaneport,322.311.4182,,
553,Scott Proctor,Shelter,Adamland,(998)282-2315x7499,,
554,Margaret Mccullough,Charity,Ortizmouth,888-890-3956,,
555,Mary Lewis,Individual,Port Richard,+1-443-680-8966,34.1579944,-119.1893732
556,James Wolfe,NGO,Woodsfurt,(337)791-7990x5443,,
557,Andrea Mcdaniel,NGO,Kingville,(938)395-0602x60948,33.6676112,-88.0405818
558,Samantha Salinas,Charity,Rayberg,001-301-396-8153x96235,,
559,Randy Martinez,Shelter,Brownville,001-788-451-1379x961,44.007003,-75.984092
560,Matthew Mendez,Shelter,South Meganland,+1-406-192-3141x20799,,
561,Andrea Morris,NGO,Hallton,(151)391-8350x82191,41.4020063,-78.9322566
562,Antonio Murphy,NGO,West Kevin,+1-177-564-0300x9110,53.2000721,6.5104656
563,Brandon Johnson,Charity,Randyville,150.160.9543x250,,
564,Justin Smith,Individual,Pottertown,+1-588-874-3231,36.3515139,-81.6726096
565,Brian Blankenship,Charity,East Jordanborough,+1-450-291-6223x9898,,
566,Michael Lewis,Individual,East Kimberlymouth,072-078-1249x988,,
567,Peggy Knight,Shelter,North Michaelville,293-241-7469x5110,,
568,Melissa Mclaughlin,Charity,Roberttown,671-908-7777x08364,53.6980463,-1.7032895
569,Danny Randolph,Shelter,South Yolanda,029.011.8582,-24.4541225,-53.078455
570,Anthony Cochran,Individual,Port Todd,+1-960-253-0828x4007,36.6432888,-87.1989594
571,Lydia Phillips,Shelter,North Hollyland,(704)162-2429,52.5114783,-1.663224
572,Diana Blair,Shelter,Murrayside,001-632-774-3398x50003,55.6915786,-3.9977459
573,William Clark,Shelter,Port Courtneyland,4689527647,,
574,Mr. William Hunt,Shelter,Barreratown,564.854.6978x7462,,
575,Jennifer Davila,Shelter,Hollandburgh,+1-401-371-8447x5866,,
576,Justin Lopez,Individual,East Stephenton,(526)153-8449x436,,
577,Thomas Burch,Charity,North Lori,3908825868,32.0859941,34.883235
578,Larry Bradshaw,NGO,Lake Cody,001-843-597-3151,40.8224909,-84.0975912
579,Nancy Guerrero,Individual,South Elizabeth,(891)381-7696,34.404175,-91.4150924
580,Yesenia Solomon,Charity,Port Paulaton,7765870514,,
581,April Mcintosh,Charity,North Sherribury,925-387-5931x9388,,
582,Douglas Cook,Shelter,Hunterbury,872.454.8537,,
583,Sean Henderson,NGO,Lake Gregory,553.326.4934x118,34.2436984,-117.2677845
584,Austin Vance,Shelter,Whiteside,(074)087-1962x83029,41.7612332,-89.9214744
585,Mark Lewis,NGO,Lisaview,+1-894-554-0220x5777,41.4792265,-81.9463635
586,Amy Barker,Shelter,North Nathanville,001-806-821-3010x5044,,
587,Jennifer Clark,NGO,Spencermouth,+1-862-196-7109x9671,,
588,Laurie Alvarez,Shelter,North Raymond,(463)392-9887x42698,43.9803515,-70.4045002
589,Nicole Williams,NGO,West Richard,727.771.3700,39.6067719,-79.9064986
590,Terry Fernandez,Shelter,Mooreburgh,506.052.7523x43392,,
591,Susan Clark,NGO,Beckville,(020)435-7439,32.2429366,-94.4554782
592,Michael Pennington,Charity,South Gabrielmouth,(905)420-9084,,
593,Douglas Mann MD,NGO,North Lisaburgh,3180399487,,
594,Sheri Johnson,Shelter,North Christopher,253.920.0751,54.7771394,-1.5606422
595,Courtney Whitney,Individual,West Mariashire,001-528-446-7897,,
596,Natalie Navarro,Shelter,West Carrieberg,001-433-742-6627x972,,
597,Willie Nichols,Charity,Jonesland,001-117-609-7351x313,,
598,Alexa Guerra,NGO,Ariasbury,7691923865,,
599,Christopher Davis,NGO,South Yvettestad,+1-496-952-5072x2056,,
600,Bruce Alexander,Individual,New Tammyhaven,376.501.2938,,
601,Peter Gonzalez,Shelter,Biancaton,(112)578-4601x9811,,
602,Paul Carter,Individual,Kinghaven,(108)002-5301x83445,45.2927207,-75.8539439
603,Christina Caldwell,Shelter,New Christopherburgh,(457)874-5807x7325,,
604,Ashley Hall,Individual,Butlerborough,+1-547-344-3774,,
605,Tara Johnson,NGO,East Nathan,9017973598,33.4653403,-111.7044281
606,Jenna Bowen,Shelter,Nicoleside,(682)183-9790x650,,
607,Sean Wolf,NGO,Mcfarlandhaven,(490)913-7034x400,,
608,Oscar Bauer,Charity,South Nicoleberg,001-874-507-6783,,
609,Brian Riddle,Shelter,Jenniferbury,1493189525,,
610,Jimmy Morton,Charity,New Carrie,001-721-348-0570x6158,41.1744298,-73.8152117
611,Jeff Rivas,Charity,Mcdanielmouth,675.065.4290x4573,,
612,Meredith Griffin,NGO,Patriciamouth,(330)818-7400,,
613,Renee Campbell,Shelter,North Tiffanyfort,199.375.0653x151,,
614,Peggy Parker,Shelter,South Waynefurt,(643)518-3066,,
615,Rachel Carson,NGO,Robertside,001-910-852-2109x575,,
616,Christopher Wright,Shelter,New Kellytown,+1-631-074-8622x827,,
617,Justin Lee,Individual,Shelleyburgh,199.646.5303x65771,,
618,Samuel Mendez,Individual,Andersonland,(064)431-0381,,
619,Taylor Estrada,NGO,Nguyenview,001-351-556-5960x359,,
620,Cassandra Foster,Individual,West Danielview,(283)047-5421x9049,,
621,David Jordan,Individual,Mendozabury,(705)816-8331x096,,
622,Gary Torres,Charity,Kimberlyview,(816)141-2613x8114,,
623,Phillip Rogers,Individual,Keithstad,626.554.6466x12045,,
624,Alvin Day Jr.,NGO,East Heatherbury,722.127.8600,,
625,Paul Lee,NGO,Stephenchester,+1-874-157-5024x3157,,
626,Theresa Gonzalez,Charity,Port David,050.568.6038x358,47.8054009,1.7085002
627,Beth Chavez,Shelter,East Nicole,+1-249-991-1004x0285,48.6170623,5.6510296
628,James Gardner,NGO,Morenoborough,405.211.3183x136,,
629,Andrea Hansen,NGO,Lake Mary,407.525.5651x8151,28.7562749,-81.322093
630,Sarah Ochoa,Charity,Vancebury,9182551669,,
631,Diana Fisher,Shelter,New Daryl,974.391.4500x152,40.7352914,-73.9894585
632,Austin Smith,NGO,North Marcusbury,219-381-8831x93973,,
633,Jay Higgins,NGO,Perezhaven,880.990.8313,,
634,Jessica Watkins,Charity,Robertton,368.959.4075x9286,,
635,Lisa Marshall,Charity,Johnville,375.423.1187,46.597848,-67.5029399
636,Devon Burton,Charity,Blakehaven,907.108.9325x817,,
637,Benjamin Soto,NGO,West Garretthaven,8693958395,,
638,Timothy Browning,Charity,Moralesfort,001-836-247-3024,,
639,Jeffrey Vaughan,Charity,Cameronfurt,129-365-7408x619,,
640,Joseph Smith,NGO,Anthonystad,716-698-3766x7391,,
641,Robert Jones,Shelter,East Antoniobury,001-480-168-1124x978,,
642,Sarah Rose,NGO,New Ryanmouth,247-388-0838x6557,,
643,Mary Morrow,NGO,Melaniehaven,001-995-921-9720x7901,,
644,Deanna Brown DDS,Individual,Fowlerburgh,(695)147-4833,,
645,Steven Armstrong,NGO,Robertfurt,2161559564,,
646,Maria Lee,Individual,West Juanchester,(433)729-7840,,
647,Christine Davis,Charity,Josephton,144.359.7605,,
648,Heather Stewart,NGO,South Lucasview,518-936-4091x169,,
649,Cory Schmidt MD,Individual,Johnsonville,001-915-535-6309x779,38.5222701,-88.5369951
650,Nicholas Peterson,NGO,West Troyview,001-528-783-1533x9196,,
651,Rebecca Mcbride,Charity,Port Timothymouth,(159)421-4100x43055,,
652,Sandy Ward,Shelter,North Michael,+1-532-646-0437x1719,26.309211,-98.0201609
653,Jason Garcia,Shelter,Port Mariemouth,229-688-4610x87983,,
654,John Murray,Shelter,Fernandezberg,001-664-004-0117x5796,,
655,Lauren Golden,NGO,Michealstad,(509)120-3093,,
656,Christopher Clark,NGO,Port Peggyshire,+1-020-961-4423,,
657,Patricia Salas,Individual,Port Maryshire,569.514.7193,,
658,Frank Olson,Shelter,South Anthonyside,001-996-747-5678x5051,,
659,Elizabeth Stewart,NGO,Kempstad,(659)731-0182x7759,,
660,James Hernandez II,Charity,Kenthaven,001-036-235-2960,,
661,Robert White,Charity,Petersonmouth,982.838.9359,,
662,Gabriel Harris,Individual,Port Shannonhaven,(853)034-2142x599,,
663,Michael English,NGO,Lake Daniel,612.320.3740,36.0826356,-79.8116985
664,Joseph Nelson,Individual,Phillipston,7800327079,42.5492206,-72.1330646
665,Felicia Collier,NGO,Toddstad,+1-113-202-4089x101,,
666,Meredith Hull,NGO,Markfurt,575-879-8768x33505,,
667,Christine Beasley,Individual,Jensenland,(667)729-4034,,
668,Maria Singh,NGO,Brandonhaven,+1-353-127-1876x477,,
669,Karen Cox,Charity,Davidland,791-759-9054x23904,,
670,Amber Hobbs,NGO,Rogersfort,914.864.5127x8523,,
671,Cindy Green PhD,NGO,Sharpfurt,6744184457,,
672,Janice Thornton,Charity,Allenmouth,(646)735-9177x4671,,
673,Shelly Castillo,Charity,Chenview,001-984-641-2359x15247,,
674,Stephen Harris,Charity,Port Seanshire,+1-163-880-7237x908,,
675,Robert Day,NGO,Goodmanfort,001-284-742-4202x15864,,
676,John Williams,Charity,Brooksborough,(057)537-1761x52273,,
677,Joshua Rush,Charity,New Mark,602-694-4031x226,39.2709557,-94.5651561
678,Joseph Johnson,NGO,South Jasminechester,412.202.8352x6950,,
679,Alexis Rodriguez,Shelter,South Shirleymouth,(748)827-8108x926,,
680,James Lewis,NGO,Richardton,001-151-287-1850,46.8838957,-102.3157292
681,Becky Hernandez,Shelter,Jeanshire,001-950-510-9795x700,,
682,Paige Lewis,Shelter,Karenfort,(150)608-5231x697,,
683,Mark Williams,NGO,Taylorport,001-520-963-8410,,
684,Kiara Martinez,Individual,Ellisborough,829-939-8804,51.0408259,-113.9361479
685,Angela Knight,Individual,Port Joshua,491-330-2377x936,32.6330859,-97.3513007
686,Spencer Roberts,Charity,East Sheenahaven,074-920-1029x14932,,
687,Danny Palmer,NGO,North Erikhaven,+1-931-315-8378x838,,
688,Jeffrey Turner,Charity,East Tiffanyview,001-321-160-3094x50214,,
689,Michael Murphy,NGO,Lake Sheilaland,+1-887-843-6402x64812,,
690,Jeffrey Knight,Individual,Wardshire,(207)794-8313,38.2534134,-85.5536001
691,Brittany Williams,Individual,Christinehaven,078.314.8173x43041,55.0490389,10.5905606
692,Christopher Stokes,Individual,Joshuahaven,001-305-048-7931x49531,,
693,Carl Brewer,Individual,Nelsonbury,846-764-5157x7104,,
694,Rachel Arnold,Shelter,New James,001-087-674-1329x05614,-34.5477112,149.9360526
695,Janet Newton,Individual,West Amandaport,930-590-8261,,
696,Kellie Hart,Charity,Changview,+1-235-589-9126x33112,,
697,Laura Leach,Charity,Davidtown,5465940771,,
698,Dawn Rodriguez MD,Charity,New Shauntown,+1-083-624-3293x3668,,
699,Sabrina Johnson,Charity,East Emily,001-552-124-3791,49.2675802,-123.0921846
700,Kimberly Duncan,Shelter,West Monica,001-851-158-2436x740,18.4495878,-72.3343856
701,Amber Arellano,NGO,South Marymouth,+1-718-425-8787x628,,
702,Rebecca Chan,Charity,West Brittany,(279)707-3052,-26.0933211,28.0057651
703,Mr. Jonathan Williams,Individual,Bruceburgh,(606)010-6061,,
704,Jason Lowe,NGO,Sarahside,063.115.0253,,
705,Christopher Sellers,Charity,East Nathanstad,(570)957-6832,,
706,Shannon Jensen,Shelter,Lake Kevinport,001-378-570-1120x234,,
707,Jason Martin,Charity,New Frederickfort,001-501-877-7120x4743,,
708,Jacob Mendez,Individual,South Jason,(818)358-6757,34.6645421,-83.078764
709,Matthew Sanchez,Individual,New Stephanie,131.083.4622x013,32.0117992,-106.335446
710,Eric Carrillo,Shelter,Nicholsonland,001-905-007-8793x1997,,
711,Mark Carroll,Shelter,Lovestad,+1-762-369-5612x249,55.6522808,13.8919613
712,Laura Graham,NGO,Mercerport,096.804.5311x455,,
713,Robert Moses,Shelter,Port Terry,(629)870-5299x9094,49.2627776,-122.7481434
714,Adam Phelps,Individual,North Amanda,001-586-612-6376,7.6899082,-1.4771864
715,Tyler Christensen,Charity,Lake Douglas,306-691-2501,-43.9670016,169.0909149
716,Angela Gregory,Individual,Lake Tracytown,(817)856-6676x112,,
717,Jonathon Gregory,Individual,Shortfort,040-511-7461x377,,
718,Matthew Brown,Individual,Port Amberfurt,785-336-0978,,
719,Brian Oneill,NGO,East Stephaniefort,(423)691-4227,,
720,Jeremiah Terry,Individual,Nicoleberg,+1-095-501-3103x762,,
721,Ashley Ramirez,Charity,Heatherburgh,604-382-3103,,
722,Deanna Owens,NGO,South Mark,(865)410-9397,55.1542734,-4.748531
723,Lisa Kim,Individual,New Brandyhaven,+1-465-856-2095,,
724,Randall Ford,Shelter,East Tasha,(072)037-8421x0768,39.952369,-75.8398876
725,Edward Lopez,NGO,New Matthewton,683-591-7229,,
726,Tammy Brown,Shelter,Victorton,+1-244-569-1621x3556,,
727,Troy Jimenez,Shelter,Port Marc,829.246.2756x7494,44.834348,-0.5809099
728,Dustin Stark,Charity,Kimberlymouth,(716)950-4574x79791,,
729,David Spence,Charity,Port Curtisside,+1-843-006-1807,,
730,Felicia Glover,Shelter,East Michael,982-844-2370,9.0153895,36.6785945
731,Jacob Scott,Charity,South Jenniferburgh,001-857-216-8483,,
732,Jessica Shields,Shelter,South Richard,519.092.5018x2511,30.4002304,-92.217445
733,David Fox,Individual,Longmouth,001-542-800-4782x916,,
734,Amanda Buchanan,NGO,Perryton,121-718-4571x61884,36.3910229,-100.8059035
735,Kyle Scott,Individual,Reedview,001-980-204-3107x974,33.9838013,-117.8708313
736,Damon Schmidt,Charity,Cummingschester,001-695-722-3687x35864,,
737,James Brown,Shelter,Lake Catherine,(152)508-8754x91151,42.484136,-88.1295744
738,Matthew Morgan,Charity,Robertton,(535)512-2781,,
739,Nancy Jones,Shelter,West Bradley,806.457.8047x368,51.1046336,-2.5846838
740,Denise Lucas,Charity,East Jamesmouth,006.775.8489x1702,,
741,Amber Burnett,Charity,Garciashire,901-355-9555,,
742,Matthew Webb,Charity,West David,001-998-341-9445x0465,18.3307189,-72.7039296
743,Nicholas Tucker,Charity,Port Samantha,(290)071-2070,32.6329952,-97.3525948
744,Matthew Deleon,Individual,Danielsview,006.940.9278x989,,
745,Jose Vance,NGO,Lake Heatherberg,216.620.7837x2021,,
746,Kenneth Barnes,NGO,South Lindsay,(868)434-0244,34.0057073,-81.0332061
747,Vanessa Johnson,Shelter,Wilsonshire,(151)347-7079x5528,,
748,Bridget Williams,Charity,South Williamview,001-079-347-2416x344,,
749,Michael Craig,Individual,Moralesburgh,131-489-9950x8143,,
750,Levi Lucas,Charity,North Vanessamouth,095-763-5392x058,,
751,Travis Johnson,Shelter,South Edward,785-640-1614,32.9091782,-96.1403885
752,Cassidy Alvarado,Individual,Leahchester,+1-825-364-4624,,
753,Samantha Potter,Charity,Aguilarbury,+1-541-434-4196x086,,
754,Michael Ford,Individual,New Sean,389-988-8452,43.6476775,-71.5158476
755,Eugene Beltran,Shelter,South Samanthaburgh,001-696-616-2431x933,,
756,Emma Anderson,NGO,Lake Michelle,001-369-347-5266,28.4569495,-81.3021766
757,Christopher Garcia,Charity,North Danielchester,+1-837-555-5633x0883,,
758,Jennifer Lucero,NGO,South Theresaberg,(386)105-5091x35748,,
759,Kathleen Watkins,Shelter,Hardyberg,(435)788-4119x238,,
760,Gina Blankenship,Shelter,Brittanyborough,001-318-721-7199x01418,,
761,Douglas Roberts,Shelter,Deanstad,+1-988-077-7950x039,,
762,Donna Chang,NGO,East Stevenborough,9564962501,,
763,Karen Williamson,Shelter,Sandovalmouth,857-588-4472x78504,,
764,Krista Williams,Shelter,Oliverberg,4814373776,,
765,Joshua Hooper,Shelter,Buchananton,+1-013-463-1430x05130,,
766,John Reynolds,Shelter,Grahambury,001-062-085-9402x6875,,
767,Jordan Hart,Shelter,East Julietown,+1-161-753-6365x946,,
768,Mary Wilson,Charity,Lake Kimberlyton,484-336-3858x53588,,
769,John Warner,Shelter,Cookhaven,+1-003-320-5395,,
770,Jacob Gibbs,Charity,New Jesus,(806)265-1675,40.8617304,-73.6208182
771,Emily Gallagher,Individual,Wagnerburgh,4916631678,,
772,Cassandra Yoder,Charity,Danielfurt,+1-928-766-0621x673,,
773,Hunter Richards,NGO,West Victoriaberg,001-581-778-1214,,
774,Tracy Bass,NGO,South Jessicaburgh,461-258-4749x956,,
775,Thomas Nelson,Charity,Donnamouth,+1-227-601-8962x271,,
776,James Thompson,Shelter,Ronaldmouth,(121)732-7913x396,,
777,Julie Dickerson,Shelter,Diazbury,383.138.2733x067,,
778,Kristie Townsend,Shelter,Melissaberg,(167)438-9582x45761,,
779,James Turner,NGO,North Mallorystad,+1-700-709-7978x681,,
780,Jacqueline Johnson,Shelter,Jeffreyland,+1-208-657-1423x44884,,
781,Jason Taylor,NGO,Reginaburgh,150-638-0354x9178,,
782,Timothy Burns,Charity,East Janetstad,(262)555-7560,,
783,Monica Phillips,Charity,New Phillipfurt,188-588-9838,,
784,Jill Harris,Shelter,Josephfurt,039-813-7188x11427,,
785,Melissa Lee,Charity,Brownport,(833)194-0479x719,-34.455489,142.270119
786,Robert Kim,Shelter,Port Gabrielleborough,513-156-7998x53487,,
787,Rachel Rios,NGO,Sarahaven,319-104-8885,,
788,Beth Phillips,NGO,Zacharyview,(293)383-2279x8386,,
789,Laura Robertson,NGO,Hansonfurt,616-851-6533x67759,,
790,Stephanie Smith,Charity,West Carrieport,001-028-411-5954x38730,,
791,David Kennedy,Charity,Port Caleb,001-061-612-9715x40982,27.0541577,-82.1327699
792,Tamara Frey,Shelter,Deanfort,(976)168-5693x615,,
793,Renee Anderson,Charity,Princehaven,040.132.4956,52.1431339,4.403701
794,Lee Nunez,Individual,Andersonfort,468.857.1870x688,,
795,Caitlin Cobb,Charity,North Andresport,+1-968-871-4930,,
796,Lisa Carroll,NGO,South Jamesfort,+1-223-842-8919x643,,
797,Robert Becker,Charity,Danielland,060.756.0612,,
798,James Estrada,Individual,Westport,001-020-450-8542x5607,41.1414855,-73.3578955
799,Adam Moore,Charity,East Josephview,+1-119-080-3260x81212,,
800,Anthony Garcia,Individual,Brownbury,+1-845-541-9687x513,,
801,Samantha Simpson,Shelter,West Meganmouth,001-030-832-3866x065,,
802,Lisa Cruz,Charity,Stevenmouth,(372)091-7748x36631,,
803,Joseph Stafford,Shelter,Lake Lindseystad,8127825617,,
804,Elizabeth Cochran,NGO,Theresabury,7711350025,,
805,Sharon Martin,Individual,South Michelleport,885.889.2008x8858,,
806,James Miller,NGO,Lisabury,+1-499-819-6868x6637,,
807,Taylor Miller,NGO,Josephside,+1-022-270-5486x316,,
808,Pamela Finley,Individual,Harrisfurt,001-160-542-5380x55508,,
809,Karen Cain,Individual,East Daisybury,506-960-4185x0865,,
810,Cody Meyer,NGO,Westshire,415.147.2095x47370,29.4118261,-98.6282788
811,Scott Schroeder,Shelter,Markfurt,001-229-042-2531x276,,
812,Sabrina Klein MD,Individual,Shawhaven,071.615.4555x80217,44.978049,-76.2600167
813,Amber Hale,Individual,Comptonside,001-750-235-2728,,
814,Michael Petersen,NGO,Maryside,+1-454-301-1932x97038,51.5079822,-0.5538152
815,James Miller,NGO,North Dawn,001-359-139-7284x11773,58.9129559,-2.9058119
816,Jeremiah Hampton,Charity,South Sheryl,(837)048-4121,41.4277915,-81.6856788
817,Victoria Torres,Charity,Martinchester,+1-624-780-9445x7755,,
818,Danielle Hayes,NGO,Andreaberg,1310927379,,
819,Christina Lambert,Shelter,Delgadofort,637.516.9143x5014,,
820,Patrick Velasquez,Individual,West Jacob,606-166-7246x746,50.097056,8.498079
821,Jeffrey Wilson,Charity,Davisport,001-245-390-7219x847,37.8312061,-82.6057096
822,Aaron Malone,Shelter,East Mark,+1-803-136-6978x6095,50.7504283,3.9683454
823,James Rose,Shelter,East Amandaberg,658-204-7743,,
824,Madison Myers,Shelter,Cruzland,(123)500-8333x8386,,
825,Charles Morris,Charity,New Olivia,(006)107-4825x44414,50.2445421,21.7746899
826,Mr. Steven Reeves MD,Individual,West Jacquelinefort,+1-263-739-4608x1451,,
827,John Simmons,NGO,North Tanner,797-388-6145x650,47.4781146,-121.7566787
828,Jason Mcpherson,Shelter,Michaelside,403.693.4197x409,,
829,Mr. Brian Fox,Charity,Scottbury,(301)316-4760x229,,
830,Jeffrey Cooper,Shelter,Lake Christian,001-877-245-5095,43.3534023,-74.6370951
831,Samantha Ellison,Individual,New Kimberly,522.437.7292x9078,-30.9021721,150.8340056
832,Kylie Young,Shelter,Ginaview,9131186244,,
833,Kelly Pierce,Shelter,West Josephland,370.467.1150x479,,
834,Renee Flynn,Individual,South Mark,093.501.8423,55.1542734,-4.748531
835,Jennifer Wright,Shelter,Lauratown,(257)556-3261x76228,36.0200714,-91.0884575
836,Scott Craig,Shelter,South Lisa,118.382.6136,51.8870865,4.4877549
837,Michelle Reed,Shelter,West John,1072168815,44.4049648,-85.7178113
838,Jessica Stephens,Charity,West Michaelton,358-977-8320,39.2055973,-76.6628517
839,Michael Cox,NGO,North Kelly,001-953-739-5146x845,34.4599115,-78.3056046
840,Mary Anderson,Shelter,South Mirandamouth,+1-148-126-0133x15456,,
841,Brian Reed,NGO,Amandaburgh,640.564.9498x1956,,
842,Robert Stewart,Shelter,New Laura,873-501-6244x4712,40.8615236,-73.2914181
843,Glenn Anthony,Charity,Halltown,502-960-7549,37.1934491,-93.6254034
844,Andrew Gray,Individual,Lake Dustin,(448)005-7192x2140,48.0041499,-88.6984225
845,Adam Horton,NGO,Ramosberg,364-423-0076x300,,
846,Charles Aguilar,NGO,Johnsonchester,+1-148-261-9107x10033,,
847,Wesley Myers,Shelter,Meganburgh,(285)991-7532x0243,,
848,Terrence Wagner,Individual,Taraside,001-832-246-7583,53.5675928,-6.604418
849,Kyle Johnson,Shelter,Ellisshire,001-887-766-6073,,
850,Kristopher Mendoza,Individual,Bradfurt,(678)116-6339x54475,,
851,Christina Brown,NGO,Wyattton,(983)034-7865,,
852,Jo Martinez,Charity,Port Williamtown,+1-264-342-6012x6505,-32.815,151.8427778
853,Tanya Lowe,Charity,Crawfordchester,(677)596-9794,,
854,Christopher Diaz,Individual,Lorifurt,001-442-106-2480x735,,
855,Robert Abbott,NGO,Collierburgh,+1-114-532-8181x037,,
856,Amanda Brown,Individual,New Larryshire,176.330.5060,,
857,Jennifer Taylor,Individual,Lake Kaylamouth,001-024-241-1359,,
858,Ashley Harris,Individual,Lake Stephenchester,001-680-582-4607x74285,,
859,Dana Williams,Charity,Cookstad,5259995693,,
860,James Knight,Charity,Kirkfort,+1-001-504-4343x556,,
861,Ashley Clark,NGO,Poolebury,518.622.6804x900,,
862,Justin Martinez,Individual,New Erikamouth,697-357-7122x04253,,
863,Jessica Camacho,Individual,Billyland,(190)674-9988x688,,
864,Justin Anderson,NGO,South Craigborough,+1-967-629-8865x504,,
865,Katherine Houston,Individual,Lake Joshuabury,(935)420-0196x9064,,
866,Jose Cooper,Shelter,Pooleside,(083)601-2157,,
867,Tara Williams,Individual,New Dakotahaven,7246108348,,
868,Kayla Erickson,Shelter,West Lindseyside,213.752.6967x0263,,
869,David Mendoza,Charity,North Shawnastad,001-517-864-9061x969,,
870,Joshua Mendoza,Charity,North Amy,(842)876-7043x953,51.9304174,7.6659152
871,Veronica Adams,Individual,Natalieside,3857123680,,
872,Lori Peters,Individual,Annaborough,270.652.6057x691,,
873,Darius Reid,Charity,Port Philipmouth,(306)939-5162,,
874,Danny Brown,Individual,East Shirley,829.371.2280x79605,32.8586286,-80.0527051
875,Scott Smith,Individual,New Donnahaven,001-376-965-5711,,
876,Jeremy Robinson,NGO,Jamesview,001-097-198-3229x7777,44.9582923,-76.159005
877,Jeffrey Stafford,Shelter,North Nicholasborough,454.460.2468x7969,,
878,Cory Johnson,NGO,Port Robertmouth,(944)311-5766,,
879,Bridget Hill,Charity,South Emily,868-465-2331x6437,52.2491331,-8.4708572
880,Kristen Foster,Shelter,North Ricardo,749.252.8592,33.4647727,-111.6895334
881,Alan Riley,NGO,Tylermouth,+1-191-620-2120x274,,
882,Steven Shaffer,Shelter,Rodneyport,(799)793-9460,,
883,Aaron Rios,NGO,New Jeffreyhaven,543-629-4859x81093,,
884,Mary Evans,Shelter,North Josephmouth,248-457-5683,,
885,James Hardin,Individual,East Robert,716.035.6813x982,51.8011319,-8.1846986
886,Amber Cruz,Shelter,Allenborough,+1-077-073-1734x206,,
887,Jean Woods,Shelter,Fernandezchester,+1-688-546-8304x8077,,
888,Matthew Davis,Charity,Birdview,1367475533,34.0120763,-118.8133613
889,Holly Aguilar,NGO,West Sara,799.506.2068,52.3836549,4.8460278
890,Joseph Whitaker,NGO,Jamesborough,001-059-271-8576,30.3101056,-97.7656408
891,Thomas Myers,Shelter,North Haleyhaven,579-856-5722,,
892,Brian Hardy,NGO,Lake Williamhaven,(062)642-7542x67155,,
893,Carrie Hess,Charity,Jarvisshire,+1-828-067-9673x188,,
894,Tammy Fletcher,Charity,New Adrian,219-550-2711,42.2545161,-77.5208197
895,Ms. Deborah Campos,Individual,West Barry,001-579-948-5058,42.6645221,-85.3127776
896,Jennifer Smith,Shelter,Josephton,179-728-0744,,
897,Shelby Rice,Shelter,New Loriberg,+1-213-470-2112x7474,,
898,Emily Ramos,Shelter,East Michaelview,033-795-7197x362,,
899,Rachel Pena,NGO,Grossport,(523)668-5935x836,,
900,Hannah Reynolds,Charity,East Kevinberg,731-040-5330x77836,,
901,Donald Caldwell,Shelter,Dawsonberg,001-191-071-2217x6177,,
902,Michelle Riley,NGO,New Juliaton,001-012-497-9466x8873,,
903,Cindy Robinson DDS,Shelter,Franklinview,4186239588,,
904,Amanda Kline,Shelter,East Travis,001-265-376-3204x275,30.2328798,-97.744786
905,Ann Odonnell,Charity,East Michael,(926)345-7660x29567,9.0153895,36.6785945
906,Christopher Gonzalez,Shelter,Payneland,+1-510-241-2999x765,,
907,Jamie Jenkins,NGO,New Melanie,001-676-903-9528x783,39.6623346,-75.625761
908,Abigail Crawford,NGO,Lake Shawn,(010)152-8668,28.6898853,-81.5419891
909,Matthew Cordova,NGO,Rubioborough,001-905-589-8944x09730,,
910,Tina Donaldson,Shelter,Lake Brandibury,736-446-4714,,
911,Devon Martinez,Individual,Jessicaland,(861)258-2469x860,,
912,Katelyn Proctor,Charity,Williamsborough,001-949-271-7461x8101,35.8304064,-78.651921
913,Jeffrey Jones,NGO,Kennethmouth,2972292136,,
914,Jeffrey Walker,Individual,Woodardview,0284721603,,
915,Deborah Garza,Shelter,South Alanville,695-589-2656,,
916,Lindsey Mathis,Shelter,Ianland,816.558.5061,,
917,Michael Townsend,Shelter,East Kevin,034.803.8502x33851,40.7911629,-73.9394101
918,Katrina Cruz,Charity,Jenkinsfurt,709-191-5616x88772,,
919,Sarah Brown,Shelter,North Christina,001-119-880-7367x9899,42.3268222,-83.3844293
920,Gregory Rodriguez,Charity,West Davidview,671.667.1616,,
921,Kelly Walls,Individual,Lake Victoriaton,857-517-5280,,
922,Savannah Holland,Individual,Kelleystad,4876887575,,
923,Victor Diaz,Shelter,Darinview,561.923.0470x922,,
924,Sarah Roberts,Shelter,North Janetland,001-513-459-3188x9757,,
925,Cassidy Davis,Individual,West Donaldmouth,001-815-359-4471,,
926,Kimberly Ware,Individual,East Sheriton,001-078-266-0266,,
927,Mary Escobar,Individual,Gloriaview,(663)863-6846x9153,,
928,Barbara Richards,Charity,Carlostown,524-811-9365x51761,,
929,Donna Terry,Charity,Mathistown,(104)858-7570,39.5889427,-74.3776016
930,Joseph Smith,Shelter,Dunnbury,909.913.1799,36.7997234,-76.0807929
931,Rhonda Lewis,Individual,South Michael,001-068-151-1254x26821,49.0801186,15.1433019
932,Justin Stevens,Charity,South Mary,001-756-051-1371x9827,33.8735023,-79.1050392
933,Jodi Lee,NGO,West Paulfort,3517962649,,
934,Dr. Wendy Terrell,Charity,Erikashire,566-236-8791,,
935,John Harris,NGO,Riverafort,+1-827-545-0294x5697,,
936,Jacob Horton,NGO,Port Douglasland,+1-286-744-5283x04031,,
937,Mark Ward,NGO,Port Jonathanton,0384311430,,
938,Matthew Thornton,NGO,Hayesfort,1084069823,,
939,Chad Vaughn,Charity,Lake Brandonborough,(565)199-2977x36531,,
940,Lynn Lucas,Charity,Elizabethberg,689-129-0146,,
941,Jessica Boyd,NGO,South Heather,001-758-410-5626x844,36.108516,-96.1268115
942,Earl Hess,Charity,Rodneyborough,(009)175-1556,,
943,Rebecca Lucas,Charity,New Jessicabury,721.446.3873x3399,,
944,Sharon Wood,Charity,New Melindashire,5282176863,,
945,Alex Leon,Individual,Caitlynhaven,(667)114-0630x55873,,
946,Taylor Mann,Charity,North Lawrence,001-766-748-2534x468,40.8418573,-81.6291103
947,Debra Webster,Charity,East Debramouth,(930)291-9053x13757,,
948,Thomas Castaneda,NGO,West Ashleymouth,182.504.4729x4296,,
949,Allison Pennington,Individual,North Lydiaberg,+1-586-713-6798,,
950,Caitlin Bennett,NGO,Delacruzborough,(351)050-3132x9588,,
951,Brittany Mcclain,Individual,Robertville,(811)036-2093x7533,50.4550294,6.1224661
952,Sarah Morgan,Charity,Gilbertfurt,+1-630-809-8000,,
953,Tina Anderson,Charity,Port Jonathanhaven,102-168-5649,,
954,Mark Russell,NGO,Nathanstad,(381)175-3680,,
955,Christopher Wong,Charity,Jacquelineshire,(745)135-7397,,
956,Jacqueline Fernandez,Charity,Kennethside,+1-573-412-8522x8213,,
957,Angela Hall,Charity,Greenville,2576243615,34.851354,-82.3984882
958,Scott Brown,Individual,Oneillland,001-879-448-7571x7987,,
959,Samantha Gomez,Charity,Suzanneton,001-955-495-8534x09912,,
960,Jason Hughes,Shelter,Myerstown,851-627-0395x00955,40.3752942,-76.3034556
961,Tyler Gray,NGO,West Dustinberg,(374)850-8848,,
962,Donald Anderson,Shelter,North Stephanieborough,+1-224-951-1888x539,,
963,Victor Ward,NGO,Johnhaven,628-048-2026x3385,,
964,Donald Moore,Individual,Davisfort,001-742-164-8768x9906,,
965,Ashley Silva,NGO,Port Thomas,(553)048-3123x8350,39.5405516,3.3329358
966,Sheila Lang,NGO,Lake Larryborough,001-585-286-2289,,
967,Samantha Sherman,Individual,Port Cindyberg,(659)277-6748x37772,,
968,Mr. Joseph Herring,Individual,Mariefurt,839.044.2094,,
969,Leon Foster,NGO,Bennettton,198-936-9076,,
970,Brandon Rice,Shelter,South Benjamin,+1-563-122-2255,18.3887722,-74.290505
971,Teresa Estrada,Individual,Mayburgh,320-778-4104,54.6579605,-2.7530121
972,Patricia Joseph,Individual,Lauraport,611-927-6696x43169,,
973,Brian Johnson,NGO,Patrickfort,001-751-479-5501x9929,,
974,Mark Miller,NGO,North Joshua,011.361.1154x694,36.0742294,-95.8286216
975,Danielle Bullock,Individual,Amandafurt,(888)253-9476x2056,,
976,Tammy Patrick,Individual,Clarkton,001-671-552-9014x817,36.4517276,-89.9670353
977,Pamela Scott,Charity,South Paul,310-642-0442,32.9695521,-79.9542357
978,Adam Evans,Individual,Lake Sonya,484-398-0067x44415,42.5946463,-122.1938189
979,Rebecca Wright,Charity,Teresastad,+1-707-387-4410x419,,
980,Elizabeth Fisher,Shelter,Carrborough,(298)908-3776x9550,,
981,Dawn Jennings,Shelter,Port Cody,085-759-6512x5392,27.2452525,-80.3447603
982,Thomas Villanueva,NGO,Gutierrezmouth,001-338-603-9644,,
983,Joanna Black,NGO,North Jacobhaven,781.950.5825,,
984,Steve Kirby,Charity,Travishaven,815.195.8711x59256,,
985,Thomas Sanchez,NGO,Rodneyfurt,231.592.1072x512,,
986,Rita Kane,Shelter,South Jamie,+1-347-306-2056,55.327178,-3.6963134
987,Becky Smith,Shelter,East Renee,7907087489,32.795833,-96.769764
988,Kristi Rodriguez,Charity,Nielsenberg,349.864.5409x08379,,
989,Timothy Bradshaw,Individual,North Laura,451-260-5312,3.8579083,-61.6011817
990,Patricia Hardy,Shelter,Thomasport,076.687.3532x03467,,
991,Lindsey Wagner,Shelter,Jessicaburgh,(401)052-7584,,
992,James Curry,Individual,Port Johnside,(223)043-8999x392,,
993,Alexis Hayes,Shelter,Matthewmouth,543-812-0534x6473,,
994,Angelica Simmons,NGO,Port Kellifort,(902)942-8232,,
995,Brittany Taylor,Individual,Andrewsport,296-568-7106x4981,,
996,Matthew Curtis,Shelter,Lanechester,127-889-4442x1289,,
997,Amanda Cain,NGO,New Steven,+1-001-491-5601x5316,43.3910072,-76.5933085
998,Theodore Briggs,Individual,South Sandra,930-609-9442x5031,53.276912,-6.1811206
999,Cheyenne Ramsey,NGO,Lake Jeffery,001-326-320-4816x15300,30.2083262,-82.6895788
1000,April Miller,Shelter,Shelbychester,894-873-2652x23999,,
